--取每个医生截止到每个月的最新状态，FOCUS_STATUS为空的往前找0或1 补上
WITH NEW_FOCUS_MTH AS
 (SELECT *
    FROM (SELECT  DISTINCT T.TDYYYYMM,
                          T.OPENID,
                          T.DOCTOR_ID,
                          T.HSPTL_ID,
                          T.VEEVA_HSPTL_ID,
                          T.DOCTOR_NAME,
                          T.GENDER,
                          T.DEPARTMENT,
                          T.DOCTOR_TYPE,
                          T.DOCTOR_TYPE1,
                          T.TARGET_DCTR_FLAG,
                          T.TA_NAME,
                          T.RGN_NAME,
                          T.TIER_ID,
                          T.TIER_NAME,
                          T.ACTIVATION_STATUS,
                          NVL(T.FOCUS_STATUS,
                              LAST_VALUE(T1.FOCUS_STATUS)
                              OVER(PARTITION BY
                                   T1.TDYYYYMM,               
                                   T1.OPENID,
                                   T1.DOCTOR_ID,
                                   T1.HSPTL_ID,
                                   T1.VEEVA_HSPTL_ID,
                                   T1.DOCTOR_NAME,
                                   T1.GENDER,
                                   T1.DEPARTMENT,
                                   T1.DOCTOR_TYPE,
                                   T1.TARGET_DCTR_FLAG,
                                   T1.TA_NAME,
                                   T1.RGN_NAME,
                                   T1.TIER_ID,
                                   T1.TIER_NAME ORDER BY T1.WECHATACTIVATE_DATE DESC)) AS FOCUS_STATUS,
                          NVL(T.FOCUS_STATUS_EN,
                              LAST_VALUE(T1.FOCUS_STATUS_EN)
                              OVER(PARTITION BY 
                                   T1.TDYYYYMM,
                                   T1.OPENID,
                                   T1.DOCTOR_ID,
                                   T1.HSPTL_ID,
                                   T1.VEEVA_HSPTL_ID,
                                   T1.DOCTOR_NAME,
                                   T1.GENDER,
                                   T1.DEPARTMENT,
                                   T1.DOCTOR_TYPE,
                                   T1.TARGET_DCTR_FLAG,
                                   T1.TA_NAME,
                                   T1.RGN_NAME,
                                   T1.TIER_ID,
                                   T1.TIER_NAME ORDER BY T1.WECHATACTIVATE_DATE DESC)) AS FOCUS_STATUS_EN,
                                   T.AGREED_STATUS, 
                                   T.AGREED_STATUS_EN,                           
                          T.SYNC_DATE,
                          T.WECHATACTIVATE_DATE,
                          T.WECHATACTIVATE_YYYYMM,
                          T.DSTRCT_CD,
                          T.DM_NAME,
                          T.TRTRY_CD,
                          T.REP_NAME,
						  T.SLEEVE_ID,
						  T.SLEEVE_NAME,
                          ROW_NUMBER() OVER(PARTITION BY T.TDYYYYMM,T.OPENID, T.DOCTOR_ID, T.HSPTL_ID, T.VEEVA_HSPTL_ID, T.DOCTOR_NAME, T.GENDER, T.DEPARTMENT, T.DOCTOR_TYPE, T.TARGET_DCTR_FLAG, T.TA_NAME, T.RGN_NAME, T.TIER_ID, T.TIER_NAME, T.WECHATACTIVATE_YYYYMM, T.DSTRCT_CD, T.TRTRY_CD, T.REP_NAME ORDER BY T.WECHATACTIVATE_DATE DESC) AS ROW_NUMBER
            FROM RPD_OWNER.FCT_IDCTR_DOCTOR_ACTION_BY_TD T
            LEFT JOIN (SELECT * FROM RPD_OWNER.FCT_IDCTR_DOCTOR_ACTION_BY_TD T1 WHERE T1.FOCUS_STATUS IS NOT NULL ) T1
              ON T.OPENID = T1.OPENID
             AND T.DOCTOR_ID = T1.DOCTOR_ID
             AND T.TDYYYYMM=T1.TDYYYYMM
             AND T.TIER_ID = T1.TIER_ID
             AND T.TA_NAME = T1.TA_NAME
             AND T.WECHATACTIVATE_DATE >= T1.WECHATACTIVATE_DATE
			 
       )
   WHERE ROW_NUMBER = 1),
--SELECT * FROM NEW_FOCUS_MTH WHERE OPENID='OTXRDWG-6ITMOUTATF5ACED4VHDI';
--SELECT DOCTOR_TYPE,COUNT(*) FROM NEW_FOCUS_MTH WHERE TDYYYYMM='201909' GROUP BY DOCTOR_TYPE;--TYPE2 5481 TYPE3 96299 TYPE4 157101
--所有的TYPE2 TYPE3医生+TYPE4已激活; ADD BY RITA20190823激活表CREATEDUTC 和FCT_IDC_DOCTOR_ACTION最小时间比，取最小的那个
DOCTORS AS
 (SELECT DISTINCT T.TDYYYYMM,
          T.OPENID,
          T.DOCTOR_ID AS DCTRID,
          T.HSPTL_ID,
          T.VEEVA_HSPTL_ID,
          T.DOCTOR_NAME,
          T.GENDER,
          T.DEPARTMENT,
          T.DOCTOR_TYPE,
          T.DOCTOR_TYPE1,
          T.TARGET_DCTR_FLAG,
          T.TA_NAME,
          T.RGN_NAME,
          T.TIER_ID,
          T.TIER_NAME,
          T.ACTIVATION_STATUS,
          T.FOCUS_STATUS,
          T.FOCUS_STATUS_EN,
          T.AGREED_STATUS,
          T.AGREED_STATUS_EN,
          T.SYNC_DATE,
          T.WECHATACTIVATE_DATE,
          T.WECHATACTIVATE_YYYYMM,
          T.DSTRCT_CD,
          T.DM_NAME,
          T.TRTRY_CD,
          T.REP_NAME,
		  T.ACTION_FLAG,
		  T.SLEEVE_ID,
		  T.SLEEVE_NAME
    FROM RPD_OWNER.FCT_IDCTR_DOCTOR_ACTION_BY_TD T
   INNER JOIN RPD_OWNER.STG_IDC_DATA_ACTIVATION T2
      ON T.OPENID = T2.OPENID
   WHERE T2.OPENID IS NOT NULL
     AND T.OPENID IS NOT NULL
	 
 ),
DOCTOR_ACTION_MTH_BY_TD_TEMP AS (
--补在激活表里没有的医生(TYPE4未激活)
SELECT DISTINCT A.TDYYYYMM,
                A.OPENID,
                A.DOCTOR_ID AS DCTRID,
                A.HSPTL_ID,
                A.VEEVA_HSPTL_ID,
                A.DOCTOR_NAME,
                A.GENDER,
                A.DEPARTMENT AS DEPT_NAME,
                A.DOCTOR_TYPE,
                A.DOCTOR_TYPE1,
                A.TARGET_DCTR_FLAG,
                A.TA_NAME,
                A.RGN_NAME,
                A.TIER_ID,
                A.TIER_NAME,
                A.ACTIVATION_STATUS,
                A.FOCUS_STATUS,
                A.FOCUS_STATUS_EN,
                A.AGREED_STATUS,
                A.AGREED_STATUS_EN,
                A.SYNC_DATE,
                A.WECHATACTIVATE_DATE,
                A.WECHATACTIVATE_YYYYMM,
                A.DSTRCT_CD,
                A.DM_NAME,
                A.TRTRY_CD,
                A.REP_NAME,
				A.ACTION_FLAG,
				A.SLEEVE_ID,
				A.SLEEVE_NAME
  FROM RPD_OWNER.FCT_IDCTR_DOCTOR_ACTION_BY_TD A
 WHERE A.DOCTOR_TYPE = 'TYPE4'
   AND A.OPENID IS NULL -- TYPE4未激活
   
UNION ALL
SELECT DISTINCT T.TDYYYYMM,
                T.OPENID,
                T.DCTRID,
                T.HSPTL_ID,
                T.VEEVA_HSPTL_ID,
                T.DOCTOR_NAME,
                T.GENDER,
                T.DEPT_NAME,
                T.DOCTOR_TYPE,
                T.DOCTOR_TYPE1,
                T.TARGET_DCTR_FLAG,
                T.TA_NAME,
                T.RGN_NAME,
                T.TIER_ID,
                T.TIER_NAME,
                T.ACTIVATION_STATUS,
                T.FOCUS_STATUS,
                T.FOCUS_STATUS_EN,
                T.AGREED_STATUS,
                T.AGREED_STATUS_EN,
                T.SYNC_DATE,
                T.WECHATACTIVATE_DATE,
                T.WECHATACTIVATE_YYYYMM,
                T.DSTRCT_CD,
                T.DM_NAME,
                T.TRTRY_CD,
                T.REP_NAME,
				T.ACTION_FLAG,
				T.SLEEVE_ID,
				T.SLEEVE_NAME
  FROM (SELECT T.TDYYYYMM,
               T.OPENID,
               T.DCTRID,
               T.HSPTL_ID,
               T.VEEVA_HSPTL_ID,
               T.DOCTOR_NAME,
               T.GENDER,
               T.DEPT_NAME,
               T.DOCTOR_TYPE,
               T.DOCTOR_TYPE1,
               T.TARGET_DCTR_FLAG,
               T.TA_NAME,
               T.RGN_NAME,
               T.TIER_ID,
               T.TIER_NAME,
               T.ACTIVATION_STATUS,
               T.FOCUS_STATUS,
               T.FOCUS_STATUS_EN,
               T.AGREED_STATUS,
               T.AGREED_STATUS_EN,
               T.SYNC_DATE,
               T.WECHATACTIVATE_DATE,
               T.WECHATACTIVATE_YYYYMM,
               T.DSTRCT_CD,
               T.DM_NAME,
               T.TRTRY_CD,
               T.REP_NAME,
			   T.ACTION_FLAG,
			   T.SLEEVE_ID,
			   T.SLEEVE_NAME,
               ROW_NUMBER() OVER(PARTITION BY T.TDYYYYMM,T.OPENID, T.DCTRID, T.HSPTL_ID, T.VEEVA_HSPTL_ID, T.DOCTOR_NAME, T.GENDER, T.DEPT_NAME, T.DOCTOR_TYPE, T.TARGET_DCTR_FLAG, T.TA_NAME, T.RGN_NAME, T.TIER_ID, T.TIER_NAME,T.DSTRCT_CD, T.TRTRY_CD, T.REP_NAME ORDER BY T.WECHATACTIVATE_DATE DESC) AS ROW_NUMBER
          FROM (SELECT DISTINCT A.TDYYYYMM,
                                A.OPENID AS OPENID,
                                TO_CHAR(A.DCTRID) AS DCTRID,
                                A.HSPTL_ID,
                                A.VEEVA_HSPTL_ID,
                                A.DOCTOR_NAME,
                                A.GENDER,
                                A.DEPARTMENT AS DEPT_NAME,
                                A.DOCTOR_TYPE,
                                A.DOCTOR_TYPE1,
                                A.TARGET_DCTR_FLAG,
                                A.TA_NAME,
                                A.RGN_NAME,
                                A.TIER_ID,
                                A.TIER_NAME,
                                A.ACTIVATION_STATUS,
                                C.FOCUS_STATUS,
                                C.FOCUS_STATUS_EN,
                                CASE WHEN (C.FOCUS_STATUS IS NULL  AND C.AGREED_STATUS IS NULL)  THEN NULL ELSE 
                                NVL(C.AGREED_STATUS,
                                    NVL(LAST_VALUE(T1.AGREED_STATUS)
                                        OVER(PARTITION BY 
                                             --T1.TDYYYYMM,
                                             T1.OPENID,
                                             T1.DOCTOR_ID,
                                             T1.HSPTL_ID,
                                             T1.VEEVA_HSPTL_ID,
                                             T1.DOCTOR_NAME,
                                             T1.GENDER,
                                             T1.DEPARTMENT,
                                             T1.DOCTOR_TYPE,
                                             T1.TARGET_DCTR_FLAG,
                                             T1.TA_NAME,
                                             T1.RGN_NAME,
                                             T1.TIER_ID,
                                             T1.TIER_NAME ORDER BY
                                             T1.WECHATACTIVATE_DATE DESC),
                                        '未同意条款')) 
                                        END 
                                        AS AGREED_STATUS, --ADD BY RITA20190823 往前找找不到的话赋值：未同意条款UPDATE BY RITA20191024 LEVI邮件 FOCUS_STATUS不为空的才往前找
                               CASE WHEN (C.FOCUS_STATUS IS NULL  AND C.AGREED_STATUS_EN IS NULL) THEN NULL ELSE --UPDATE BY RITA 20191202 在历史表会存在只有TYPE为2即同意条款 的数据，这部分数据AGREE字段还是要取正常数据的 所以CASE WHEN条件加上AGREE字段的判断
                NVL(C.AGREED_STATUS_EN,
                                    NVL(LAST_VALUE(T1.AGREED_STATUS_EN)
                                        OVER(PARTITION BY 
                                             --T1.TDYYYYMM,
                                             T1.OPENID,
                                             T1.DOCTOR_ID,
                                             T1.HSPTL_ID,
                                             T1.VEEVA_HSPTL_ID,
                                             T1.DOCTOR_NAME,
                                             T1.GENDER,
                                             T1.DEPARTMENT,
                                             T1.DOCTOR_TYPE,
                                             T1.TARGET_DCTR_FLAG,
                                             T1.TA_NAME,
                                             T1.RGN_NAME,
                                             T1.TIER_ID,
                                             T1.TIER_NAME ORDER BY
                                             T1.WECHATACTIVATE_DATE DESC),
                                        'DISAGREED'))
                                         END
                                         AS AGREED_STATUS_EN, ----ADD BY RITA20190823 往前找找不到的话赋值：未同意条款UPDATE BY RITA20191024 LEVI邮件 FOCUS_STATUS不为空的才往前找
                                A.SYNC_DATE,
                                C.WECHATACTIVATE_DATE,
                                C.WECHATACTIVATE_YYYYMM,
                                A.DSTRCT_CD,
                                A.DM_NAME,
                                A.TRTRY_CD,
                                A.REP_NAME,
								A.ACTION_FLAG,
								A.SLEEVE_ID,
				                A.SLEEVE_NAME
                  FROM DOCTORS A
                  LEFT JOIN NEW_FOCUS_MTH C
                    ON A.OPENID = C.OPENID
                    AND  A.TDYYYYMM=C.TDYYYYMM
                   AND C.WECHATACTIVATE_YYYYMM <= A.TDYYYYMM
                  LEFT JOIN (SELECT * FROM RPD_OWNER.FCT_IDCTR_DOCTOR_ACTION_BY_TD WHERE AGREED_STATUS IS NOT NULL)T1
                    ON C.OPENID = T1.OPENID
                   AND C.DOCTOR_ID = T1.DOCTOR_ID
                   AND C.TIER_ID = T1.TIER_ID
                   AND C.TA_NAME = T1.TA_NAME
                   AND C.TDYYYYMM=T1.TDYYYYMM
                   AND C.WECHATACTIVATE_DATE >= T1.WECHATACTIVATE_DATE
                   AND T1.TDYYYYMM<=A.TDYYYYMM
                 WHERE 
                   A.DOCTOR_TYPE IN ('TYPE2', 'TYPE3', 'TYPE4')
                   AND A.OPENID IS NOT NULL) T) T
 WHERE ROW_NUMBER = 1)
 --ADD BY RITA 20191204加逻辑处理：已激活 WECHATACTIVATE_DATE为空的数据，从激活表把WECHATACTIVATEDATE给补回去。WECHATACTIVATEDATE<=TDYYYYMM
SELECT DISTINCT T.TDYYYYMM,
                T.OPENID,
                T.DCTRID,
                T.HSPTL_ID,
                T.VEEVA_HSPTL_ID,
                T.DOCTOR_NAME,
                T.GENDER,
                T.DEPT_NAME,
                T.DOCTOR_TYPE,
                T.DOCTOR_TYPE1,
                T.TARGET_DCTR_FLAG,
                T.TA_NAME,
                T.RGN_NAME,
                T.TIER_ID,
                T.TIER_NAME,
                T.ACTIVATION_STATUS,
                T.FOCUS_STATUS,
                T.FOCUS_STATUS_EN,
                T.AGREED_STATUS,
                T.AGREED_STATUS_EN,
                T.SYNC_DATE,
                NVL(T.WECHATACTIVATE_DATE,B.WECHATACTIVATE_DATE) AS WECHATACTIVATEDATE,
                NVL(T.WECHATACTIVATE_YYYYMM,B.WECHATACTIVATE_YYYYMM) AS WECHATACTIVATE_YYYYMM,
                T.DSTRCT_CD,
                T.DM_NAME,
                T.TRTRY_CD,
                T.REP_NAME,
				T.SLEEVE_ID,
				T.SLEEVE_NAME,
				T.ACTION_FLAG
FROM 	DOCTOR_ACTION_MTH_BY_TD_TEMP  T
LEFT JOIN (SELECT DISTINCT A.OPENID,A.TDYYYYMM,A.WECHATACTIVATE_DATE,A.WECHATACTIVATE_YYYYMM FROM RPD_OWNER.FCT_IDCTR_DOCTOR_ACTION_BY_TD A ) B ON T.OPENID=B.OPENID AND T.TDYYYYMM=B.TDYYYYMM
WHERE 	T.ACTIVATION_STATUS='已激活' AND 	T.WECHATACTIVATE_DATE IS NULL

UNION ALL
SELECT DISTINCT T.TDYYYYMM,
                T.OPENID,
                T.DCTRID,
                T.HSPTL_ID,
                T.VEEVA_HSPTL_ID,
                T.DOCTOR_NAME,
                T.GENDER,
                T.DEPT_NAME,
                T.DOCTOR_TYPE,
                T.DOCTOR_TYPE1,
                T.TARGET_DCTR_FLAG,
                T.TA_NAME,
                T.RGN_NAME,
                T.TIER_ID,
                T.TIER_NAME,
                T.ACTIVATION_STATUS,
                T.FOCUS_STATUS,
                T.FOCUS_STATUS_EN,
                T.AGREED_STATUS,
                T.AGREED_STATUS_EN,
                T.SYNC_DATE,
                T.WECHATACTIVATE_DATE,
                T.WECHATACTIVATE_YYYYMM,
                T.DSTRCT_CD,
                T.DM_NAME,
                T.TRTRY_CD,
                T.REP_NAME,
				T.SLEEVE_ID,
				T.SLEEVE_NAME,
				T.ACTION_FLAG
FROM 	DOCTOR_ACTION_MTH_BY_TD_TEMP  T	
WHERE 	ACTIVATION_STATUS!='已激活' OR	WECHATACTIVATE_DATE IS  NOT NULL