WITH DIM_IDCTR_DATA_DCTR_INFO AS (
	SELECT  T.ID,
			T.DCTR_ID,
			T.FAMILY_NAME,
			T.GIVEN_NAME,
			T.GENDER,
			T.CITY_ID,
			T.HSPTL_ID,
			T.CLINICIAN,
			T.DEPT_NAME,
			T.ACAD_TITLE,
			T.PROF_TITLE,
			T.CITY_NAME,
			T.CSTMR_NAME,
			T.ISDELETED,
			T.CREATEDUTC,
			T.MODIFIEDUTC,
			T.EMAIL,
			T.START_DATE,
			T.END_DATE,
			T.VALID_FLAG
	FROM RPD_OWNER.DIM_IDCTR_DATA_DCTR T
	WHERE T.VALID_FLAG=1
),

STG_IDC_DATA_DCTR_INFO AS (
	SELECT  T.ID,
			T.DCTR_ID,
			T.FAMILY_NAME,
			T.GIVEN_NAME,
			T.GENDER,
			T.CITY_ID,
			T.HSPTL_ID,
			T.CLINICIAN,
			T.DEPT_NAME,
			T.ACAD_TITLE,
			T.PROF_TITLE,
			T.CITY_NAME,
			T.CSTMR_NAME,
			T.ISDELETED,
			T.CREATEDUTC,
			T.MODIFIEDUTC,
			T.EMAIL	
	FROM RPD_OWNER.STG_IDC_DATA_DCTR T
	WHERE T.DCTR_ID > 2999999
	 AND T.DCTR_ID NOT LIKE '9%'
)


SELECT  T.ID,
		T.DCTR_ID,
		T.FAMILY_NAME,
		T.GIVEN_NAME,
		T.GENDER,
		T.CITY_ID,
		T.HSPTL_ID,
		T.CLINICIAN,
		T.DEPT_NAME,
		T.ACAD_TITLE,
		T.PROF_TITLE,
		T.CITY_NAME,
		T.CSTMR_NAME,
		T.ISDELETED,
		T.CREATEDUTC,
		T.MODIFIEDUTC,
		T.EMAIL,
		T.START_DATE,
		T.END_DATE,
		T.VALID_FLAG,
		STANDARD_HASH(T.FAMILY_NAME || T.GIVEN_NAME||T.GENDER||T.CITY_ID||T.HSPTL_ID||T.CLINICIAN||T.DEPT_NAME||T.ACAD_TITLE||T.PROF_TITLE||T.CITY_NAME||T.CSTMR_NAME||T.ISDELETED||TO_CHAR(T.CREATEDUTC,'YYYYMMDD')||T.EMAIL,'MD5'),
		T1.ID,
		T1.DCTR_ID,
		T1.FAMILY_NAME,
		T1.GIVEN_NAME,
		T1.GENDER,
		T1.CITY_ID,
		T1.HSPTL_ID,
		T1.CLINICIAN,
		T1.DEPT_NAME,
		T1.ACAD_TITLE,
		T1.PROF_TITLE,
		T1.CITY_NAME,
		T1.CSTMR_NAME,
		T1.ISDELETED,
		T1.CREATEDUTC,
		T1.MODIFIEDUTC,
		T1.EMAIL,
		STANDARD_HASH(T1.FAMILY_NAME || T1.GIVEN_NAME||T1.GENDER||T1.CITY_ID||T1.HSPTL_ID||T1.CLINICIAN||T1.DEPT_NAME||T1.ACAD_TITLE||T1.PROF_TITLE||T1.CITY_NAME||T1.CSTMR_NAME||T1.ISDELETED||TO_CHAR(T1.CREATEDUTC,'YYYYMMDD')||T1.EMAIL,'MD5')
FROM DIM_IDCTR_DATA_DCTR_INFO T
FULL OUTER JOIN STG_IDC_DATA_DCTR_INFO T1
	ON T.DCTR_ID = T1.DCTR_ID