WITH OPEN_TRTRY AS (
SELECT T.YYYYMM,
       T.GROUP_KEY,
       T.OPEN_TRTRY_FLG,
       T.CREATE_TIME,
       T.CREATE_USER,
       T.CREATE_JOB
FROM RPD_OWNER.DIM_OPEN_TRTRY T
UNION
---ADDED BY LEVI 20210312,关于礼医认证数据 在看本月数据时候，如果空岗名单没有提供，对应本月空岗使用上月的空岗名单
SELECT TO_NUMBER(TO_CHAR(SYSDATE,'YYYYMM')) AS YYYYMM,
       T.GROUP_KEY,
       T.OPEN_TRTRY_FLG,
       T.CREATE_TIME,
       T.CREATE_USER,
       T.CREATE_JOB
FROM RPD_OWNER.DIM_OPEN_TRTRY T
WHERE T.YYYYMM=( SELECT MAX(T.YYYYMM) FROM RPD_OWNER.DIM_OPEN_TRTRY T )
),
----因为前端需要将是否包含空岗数据分开查看，所以将数据分为两段，由于个别指标需要特殊处理因此分为了两段TYPE234和TOTAL_KPI_BASE_INFO
TYPE234 AS (
SELECT /*+ MATERIALIZE */ *
FROM (
      SELECT  
             TDYYYYMM
            ,DOCTOR_TYPE AS DCTR_TYPE
            ,TA_NAME
            ,RGN_NAME
            ,DOCTOR_ID AS DCTR_ID
            ,TIER_NAME AS TIER
            ,DECODE(TARGET_DCTR_FLAG,'TARGET','Y','N')  AS IS_TARGET
            ,ACTIVATION_STATUS
            ,FOCUS_STATUS
            ,AGREED_STATUS
            ,SYNC_DATE
            ,DM_NAME||'('||DSTRCT_CD||')' AS DM
            ,REP_NAME||'('||TRTRY_CD||')' AS REP
            ,'N' AS OPEN_FLAG
		    ,DSTRCT_CD			
            ,TRTRY_CD
      	    ,ACTION_FLAG  ---判断医生是否发生行为的标识 1:是，0:否,统计目标医生或者不需要看行为的指标时不需要做限制
			,SLEEVE_NAME
			,SLEEVE_ID
			,CASE WHEN TIER_ID IN (1,2) THEN 'Y' ELSE 'N' END AS SK_P_FLAG ----20210207 增加SK&AMP;P医生的认证率指标
      FROM RPD_OWNER.FCT_IDCTR_DOCTOR_ACTION_MTH_BY_TD A ---20190911 因为IDOCTOR的最新TD更改为历史TD的需求变更,所以更换源表
      LEFT JOIN OPEN_TRTRY B ON A.TDYYYYMM=B.YYYYMM AND A.TRTRY_CD=B.GROUP_KEY
      WHERE (WECHATACTIVATE_DATE IS NOT NULL OR ACTIVATION_STATUS <> (CASE WHEN DOCTOR_TYPE = 'TYPE2' THEN '未激活' ELSE '已激活' END))
        AND A.TRTRY_CD IS NOT NULL
        AND B.GROUP_KEY IS NULL
      UNION ALL
      SELECT 
            TDYYYYMM
           ,DOCTOR_TYPE AS DCTR_TYPE
           ,TA_NAME
           ,RGN_NAME
           ,DOCTOR_ID AS DCTR_ID
           ,TIER_NAME AS TIER
           ,DECODE(TARGET_DCTR_FLAG,'TARGET','Y','N')  AS IS_TARGET
           ,ACTIVATION_STATUS
           ,FOCUS_STATUS
           ,AGREED_STATUS
           ,SYNC_DATE
           ,DM_NAME||'('||DSTRCT_CD||')' AS DM
           ,REP_NAME||'('||TRTRY_CD||')' AS REP
           ,'ALL' AS OPEN_FLAG
		   ,DSTRCT_CD
           ,TRTRY_CD
	       ,ACTION_FLAG  ---判断医生是否发生行为的标识 1:是，0:否,统计目标医生或者不需要看行为的指标时不需要做限制
		   ,SLEEVE_NAME
		   ,SLEEVE_ID			   
		   ,CASE WHEN TIER_ID IN (1,2) THEN 'Y' ELSE 'N' END AS SK_P_FLAG ----20210207 增加SK&AMP;P医生的认证率指标
      FROM RPD_OWNER.FCT_IDCTR_DOCTOR_ACTION_MTH_BY_TD A ---20190911 因为IDOCTOR的最新TD更改为历史TD的需求变更,所以更换源表
      WHERE (WECHATACTIVATE_DATE IS NOT NULL OR ACTIVATION_STATUS <> (CASE WHEN DOCTOR_TYPE = 'TYPE2' THEN '未激活' ELSE '已激活' END))  
      AND A.TRTRY_CD IS NOT NULL
    ) T
WHERE T.ACTIVATION_STATUS = (CASE WHEN T.DCTR_TYPE = 'TYPE2' THEN '未激活' ELSE '已激活' END) 
AND T.ACTION_FLAG=1    ----医生发生行为数据
),   
TOTAL_KPI_BASE_INFO AS ( 
SELECT 
       TDYYYYMM
      ,DOCTOR_TYPE AS DCTR_TYPE
      ,TA_NAME
      ,RGN_NAME
      ,DOCTOR_ID AS DCTR_ID
      ,TIER_NAME AS TIER
      ,DECODE(TARGET_DCTR_FLAG,'TARGET','Y','N')  AS IS_TARGET
      ,ACTIVATION_STATUS
      ,FOCUS_STATUS
      ,AGREED_STATUS
      ,SYNC_DATE
      ,DM_NAME||'('||DSTRCT_CD||')' AS DM
      ,REP_NAME||'('||TRTRY_CD||')' AS REP
      ,'N' AS OPEN_FLAG
	  ,DSTRCT_CD	  
      ,TRTRY_CD
	  ,ACTION_FLAG  ---判断医生是否发生行为的标识 1:是，0:否,统计目标医生或者不需要看行为的指标时不需要做限制
	  ,SLEEVE_NAME
	  ,SLEEVE_ID
	  ,CASE WHEN TIER_ID IN (1,2) THEN 'Y' ELSE 'N' END AS SK_P_FLAG ----20210207 增加SK&AMP;P医生的认证率指标
FROM RPD_OWNER.FCT_IDCTR_DOCTOR_ACTION_MTH_BY_TD A 
LEFT JOIN OPEN_TRTRY B ON A.TDYYYYMM=B.YYYYMM AND A.TRTRY_CD=B.GROUP_KEY
WHERE A.TRTRY_CD IS NOT NULL
AND B.GROUP_KEY IS NULL
UNION ALL
SELECT 
       TDYYYYMM
      ,DOCTOR_TYPE AS DCTR_TYPE
      ,TA_NAME
      ,RGN_NAME
      ,DOCTOR_ID AS DCTR_ID
      ,TIER_NAME AS TIER
      ,DECODE(TARGET_DCTR_FLAG,'TARGET','Y','N')  AS IS_TARGET
      ,ACTIVATION_STATUS
      ,FOCUS_STATUS
      ,AGREED_STATUS
      ,SYNC_DATE
      ,DM_NAME||'('||DSTRCT_CD||')' AS DM
      ,REP_NAME||'('||TRTRY_CD||')' AS REP
      ,'ALL' AS OPEN_FLAG
	  ,DSTRCT_CD	  
      ,TRTRY_CD
	  ,ACTION_FLAG  ---判断医生是否发生行为的标识 1:是，0:否,统计目标医生或者不需要看行为的指标时不需要做限制
	  ,SLEEVE_NAME
	  ,SLEEVE_ID
	  ,CASE WHEN TIER_ID IN (1,2) THEN 'Y' ELSE 'N' END AS SK_P_FLAG ----20210207 增加SK&AMP;P医生的认证率指标
FROM RPD_OWNER.FCT_IDCTR_DOCTOR_ACTION_MTH_BY_TD A 
WHERE TRTRY_CD IS NOT NULL
),
TYPE_SUMMARY_REP AS (
-----------IDCTR_DM_REP  TA
SELECT   
       TDYYYYMM,
       DCTR_TYPE,
       TA_NAME,
       DM,
       REP,
       RGN_NAME,
       'DMREP' AS FLAG,   ---- PARAMETER 选择 “SHOW REP” 时，出现 REP数据
       OPEN_FLAG,
       COUNT(DISTINCT DCTR_ID)  AS TOTAL_ACTIVE_CNT,
       COUNT(DISTINCT CASE WHEN FOCUS_STATUS = '在关注' THEN DCTR_ID ELSE NULL END) AS TOTAL_ACTIVE_FOCUS_CNT,
       COUNT(DISTINCT CASE WHEN FOCUS_STATUS = '在关注' AND IS_TARGET = 'Y' THEN DCTR_ID ELSE NULL END) AS TTL_ACTIVE_FOCUS_CNT_ISTARGET,
       COUNT(DISTINCT CASE WHEN FOCUS_STATUS = '在关注' AND AGREED_STATUS='已同意条款' THEN DCTR_ID ELSE NULL END) AS TOTAL_ACTIVE_FOCUS_AGREED_CNT,
       COUNT(DISTINCT CASE WHEN IS_TARGET = 'Y' THEN DCTR_ID ELSE NULL END) AS TARGET_ACTIVE_CNT,
       COUNT(DISTINCT CASE WHEN FOCUS_STATUS = '在关注' AND IS_TARGET = 'Y' THEN DCTR_ID ELSE NULL END) AS TARGET_ACTIVE_FOCUS_CNT,
       COUNT(DISTINCT CASE WHEN FOCUS_STATUS = '在关注' AND AGREED_STATUS='已同意条款' AND IS_TARGET = 'Y' THEN DCTR_ID ELSE NULL END) AS TARGET_ACTIVE_FOCUS_AGREED_CNT,
       0 AS TOTAL_TARGET_CNT,
       0 AS TOTAL_TARGET_CNT_IS_TARGET,
       SYNC_DATE,
       TRTRY_CD  AS GROUP_KEY,
	   'TOTAL' AS SLEEVE_NAME,
	   NULL AS SLEEVE_ID,
	   0 AS KEY_TARGET_CNT,
       COUNT(DISTINCT CASE WHEN FOCUS_STATUS = '在关注' AND AGREED_STATUS='已同意条款' AND SK_P_FLAG = 'Y' AND ACTIVATION_STATUS='已激活' THEN DCTR_ID ELSE NULL END) AS KEY_TARGET_ACTIVE_FOCUS_AGREED_CNT
FROM TYPE234
GROUP BY TDYYYYMM,DCTR_TYPE,TA_NAME,DM,REP,RGN_NAME,OPEN_FLAG,SYNC_DATE,TRTRY_CD 
UNION ALL
-----------IDCTR_DM_REP  TA
SELECT 
       TDYYYYMM,
       DCTR_TYPE,
       TA_NAME,
       DM,
       REP,
       RGN_NAME,
       'DMREP' AS FLAG,   ---- PARAMETER SHOW/HIDE REP 选择 “SHOW” 时，出现的REP数据
       OPEN_FLAG,
       0 AS TOTAL_ACTIVE_CNT,
       0 AS TOTAL_ACTIVE_FOCUS_CNT,
       0 AS TTL_ACTIVE_FOCUS_CNT_ISTARGET,
       0 AS TOTAL_ACTIVE_FOCUS_AGREED_CNT,
       0 AS TARGET_ACTIVE_CNT,
       0 AS TARGET_ACTIVE_FOCUS_CNT,
       0 AS TARGET_ACTIVE_FOCUS_AGREED_CNT,
       COUNT(DISTINCT DCTR_ID) AS TOTAL_TARGET_CNT,
       COUNT(DISTINCT CASE WHEN IS_TARGET = 'Y' THEN DCTR_ID ELSE NULL END) AS TOTAL_TARGET_CNT_IS_TARGET,
       SYNC_DATE,
       TRTRY_CD  AS GROUP_KEY,
	   'TOTAL' AS SLEEVE_NAME,
	   NULL AS SLEEVE_ID,
	   COUNT(DISTINCT CASE WHEN SK_P_FLAG = 'Y' THEN DCTR_ID ELSE NULL END)  AS KEY_TARGET_CNT,
       0 AS KEY_TARGET_ACTIVE_FOCUS_AGREED_CNT
FROM TOTAL_KPI_BASE_INFO 
GROUP BY TDYYYYMM,DCTR_TYPE,TA_NAME,DM,REP,RGN_NAME,OPEN_FLAG,SYNC_DATE,TRTRY_CD 
UNION ALL
SELECT 
       TDYYYYMM,
       DCTR_TYPE,
       TA_NAME,
       DM,
       REP,
       RGN_NAME,
       'DMREP' AS FLAG,   ---- PARAMETER 选择 “SHOW REP” 时，出现 REP数据
       OPEN_FLAG,
       COUNT(DISTINCT DCTR_ID)   AS TOTAL_ACTIVE_CNT,
       COUNT(DISTINCT CASE WHEN FOCUS_STATUS = '在关注' THEN DCTR_ID ELSE NULL END)  AS TOTAL_ACTIVE_FOCUS_CNT,
       COUNT(DISTINCT CASE WHEN FOCUS_STATUS = '在关注' AND IS_TARGET = 'Y' THEN DCTR_ID ELSE NULL END)  AS TTL_ACTIVE_FOCUS_CNT_ISTARGET,
       COUNT(DISTINCT CASE WHEN FOCUS_STATUS = '在关注' AND AGREED_STATUS='已同意条款' THEN DCTR_ID ELSE NULL END)  AS TOTAL_ACTIVE_FOCUS_AGREED_CNT,
       COUNT(DISTINCT CASE WHEN IS_TARGET = 'Y' THEN DCTR_ID ELSE NULL END)  AS TARGET_ACTIVE_CNT,
       COUNT(DISTINCT CASE WHEN FOCUS_STATUS = '在关注' AND IS_TARGET = 'Y' THEN DCTR_ID ELSE NULL END)  AS TARGET_ACTIVE_FOCUS_CNT,
       COUNT(DISTINCT CASE WHEN FOCUS_STATUS = '在关注' AND AGREED_STATUS='已同意条款' AND IS_TARGET = 'Y' THEN DCTR_ID ELSE NULL END)  AS TARGET_ACTIVE_FOCUS_AGREED_CNT,
       0 AS TOTAL_TARGET_CNT,
       0 AS TOTAL_TARGET_CNT_IS_TARGET,
       SYNC_DATE,
       TRTRY_CD  AS GROUP_KEY,
	   SLEEVE_NAME,
	   SLEEVE_ID,
	   0 AS KEY_TARGET_CNT,
       COUNT(DISTINCT CASE WHEN FOCUS_STATUS = '在关注' AND AGREED_STATUS='已同意条款' AND SK_P_FLAG = 'Y' AND ACTIVATION_STATUS='已激活' THEN DCTR_ID ELSE NULL END) AS KEY_TARGET_ACTIVE_FOCUS_AGREED_CNT
FROM TYPE234
GROUP BY TDYYYYMM,DCTR_TYPE,TA_NAME,DM,REP,RGN_NAME,OPEN_FLAG,SYNC_DATE,TRTRY_CD,SLEEVE_NAME,SLEEVE_ID
UNION ALL
-----------IDCTR_DM_REP  TA
SELECT 
       TDYYYYMM,
       DCTR_TYPE,
       TA_NAME,
       DM,
       REP,
       RGN_NAME,
       'DMREP' AS FLAG,   ---- PARAMETER SHOW/HIDE REP 选择 “SHOW” 时，出现的REP数据
       OPEN_FLAG,
       0  AS TOTAL_ACTIVE_CNT,
       0 AS TOTAL_ACTIVE_FOCUS_CNT,
       0 AS TTL_ACTIVE_FOCUS_CNT_ISTARGET,
       0 AS TOTAL_ACTIVE_FOCUS_AGREED_CNT,
       0 AS TARGET_ACTIVE_CNT,
       0 AS TARGET_ACTIVE_FOCUS_CNT,
       0 AS TARGET_ACTIVE_FOCUS_AGREED_CNT,
       COUNT(DISTINCT DCTR_ID)  AS TOTAL_TARGET_CNT,
       COUNT(DISTINCT CASE WHEN IS_TARGET = 'Y' THEN DCTR_ID ELSE NULL END)  AS TOTAL_TARGET_CNT_IS_TARGET,
       SYNC_DATE,
       TRTRY_CD  AS GROUP_KEY,
	   SLEEVE_NAME,
	   SLEEVE_ID,
	   COUNT(DISTINCT CASE WHEN SK_P_FLAG = 'Y' THEN DCTR_ID ELSE NULL END)  AS KEY_TARGET_CNT,
       0 AS KEY_TARGET_ACTIVE_FOCUS_AGREED_CNT
FROM TOTAL_KPI_BASE_INFO 
GROUP BY TDYYYYMM,DCTR_TYPE,TA_NAME,DM,REP,RGN_NAME,OPEN_FLAG,SYNC_DATE,TRTRY_CD,SLEEVE_NAME,SLEEVE_ID
),
RGN_TRTRY AS (
SELECT DISTINCT
       YEAR_MONTH_ID,
       RGN_CD,
       TRTRY_CD
FROM RPD_OWNER.DIM_SALES_ORG_ALL
WHERE YEAR_MONTH_ID>='201909' ----源表是从201909开始统计数据
),
TYPE_SUMMARY_RGN AS (
-----------IDCTR_TOTAL TA
SELECT    
       TDYYYYMM,
       DCTR_TYPE,
       TA_NAME,
       NULL AS DM,
       NULL AS REP,
       RGN_NAME,
       'REGION' AS FLAG,  ---- REGION的汇总数据
       OPEN_FLAG,
       COUNT(DISTINCT DCTR_ID)   AS TOTAL_ACTIVE_CNT,
       COUNT(DISTINCT CASE WHEN FOCUS_STATUS = '在关注' THEN DCTR_ID ELSE NULL END)   AS TOTAL_ACTIVE_FOCUS_CNT,
       COUNT(DISTINCT CASE WHEN FOCUS_STATUS = '在关注' AND IS_TARGET = 'Y' THEN DCTR_ID ELSE NULL END)   AS TTL_ACTIVE_FOCUS_CNT_ISTARGET,
       COUNT(DISTINCT CASE WHEN FOCUS_STATUS = '在关注' AND AGREED_STATUS='已同意条款' THEN DCTR_ID ELSE NULL END)   AS TOTAL_ACTIVE_FOCUS_AGREED_CNT,
       COUNT(DISTINCT CASE WHEN IS_TARGET = 'Y' THEN DCTR_ID ELSE NULL END)   AS TARGET_ACTIVE_CNT,
       COUNT(DISTINCT CASE WHEN FOCUS_STATUS = '在关注' AND IS_TARGET = 'Y' THEN DCTR_ID ELSE NULL END)   AS TARGET_ACTIVE_FOCUS_CNT,
       COUNT(DISTINCT CASE WHEN FOCUS_STATUS = '在关注' AND AGREED_STATUS='已同意条款' AND IS_TARGET = 'Y' THEN DCTR_ID ELSE NULL END)   AS TARGET_ACTIVE_FOCUS_AGREED_CNT,
       0 AS TOTAL_TARGET_CNT,
       0 AS TOTAL_TARGET_CNT_IS_TARGET,
       SYNC_DATE,
       RGN_TRTRY.RGN_CD AS GROUP_KEY,
	   'TOTAL' AS SLEEVE_NAME,
	   NULL AS SLEEVE_ID,
	   0 AS KEY_TARGET_CNT,
       COUNT(DISTINCT CASE WHEN FOCUS_STATUS = '在关注' AND AGREED_STATUS='已同意条款' AND SK_P_FLAG = 'Y' AND ACTIVATION_STATUS='已激活' THEN DCTR_ID ELSE NULL END) AS KEY_TARGET_ACTIVE_FOCUS_AGREED_CNT	   
FROM TYPE234
LEFT JOIN RGN_TRTRY ON TYPE234.TDYYYYMM=RGN_TRTRY.YEAR_MONTH_ID AND TYPE234.TRTRY_CD=RGN_TRTRY.TRTRY_CD
GROUP BY TDYYYYMM, TA_NAME,DCTR_TYPE,SYNC_DATE,RGN_NAME,OPEN_FLAG,RGN_TRTRY.RGN_CD
UNION ALL
-----------IDCTR_TOTAL TA
SELECT  
       TDYYYYMM,
       DCTR_TYPE,
       TA_NAME,
       NULL AS DM,
       NULL AS REP,
       RGN_NAME,
       'REGION' AS FLAG,  ---- REGION的汇总数据
       OPEN_FLAG,
       0 AS TOTAL_ACTIVE_CNT,
       0 AS TOTAL_ACTIVE_FOCUS_CNT,
       0 AS TTL_ACTIVE_FOCUS_CNT_ISTARGET,
       0 AS TOTAL_ACTIVE_FOCUS_AGREED_CNT,
       0 AS TARGET_ACTIVE_CNT,
       0 AS TARGET_ACTIVE_FOCUS_CNT,
       0 AS TARGET_ACTIVE_FOCUS_AGREED_CNT,
       COUNT(DISTINCT DCTR_ID)   AS TOTAL_TARGET_CNT,
       COUNT(DISTINCT CASE WHEN IS_TARGET = 'Y' THEN DCTR_ID ELSE NULL END)   AS TOTAL_TARGET_CNT_IS_TARGET,
       SYNC_DATE,
       RGN_TRTRY.RGN_CD AS GROUP_KEY,
	   'TOTAL' AS SLEEVE_NAME,
	   NULL AS SLEEVE_ID,
	   COUNT(DISTINCT CASE WHEN SK_P_FLAG = 'Y' THEN DCTR_ID ELSE NULL END)  AS KEY_TARGET_CNT,
       0 AS KEY_TARGET_ACTIVE_FOCUS_AGREED_CNT
FROM TOTAL_KPI_BASE_INFO  
LEFT JOIN RGN_TRTRY ON TOTAL_KPI_BASE_INFO.TDYYYYMM=RGN_TRTRY.YEAR_MONTH_ID AND TOTAL_KPI_BASE_INFO.TRTRY_CD=RGN_TRTRY.TRTRY_CD
GROUP BY TDYYYYMM, TA_NAME,DCTR_TYPE,SYNC_DATE,RGN_NAME,OPEN_FLAG,RGN_TRTRY.RGN_CD
UNION ALL
SELECT    
       TDYYYYMM,
       DCTR_TYPE,
       TA_NAME,
       NULL AS DM,
       NULL AS REP,
       RGN_NAME,
       'REGION' AS FLAG,  ---- REGION的汇总数据
       OPEN_FLAG,
       COUNT(DISTINCT DCTR_ID)   AS TOTAL_ACTIVE_CNT,
       COUNT(DISTINCT CASE WHEN FOCUS_STATUS = '在关注' THEN DCTR_ID ELSE NULL END)   AS TOTAL_ACTIVE_FOCUS_CNT,
       COUNT(DISTINCT CASE WHEN FOCUS_STATUS = '在关注' AND IS_TARGET = 'Y' THEN DCTR_ID ELSE NULL END)   AS TTL_ACTIVE_FOCUS_CNT_ISTARGET,
       COUNT(DISTINCT CASE WHEN FOCUS_STATUS = '在关注' AND AGREED_STATUS='已同意条款' THEN DCTR_ID ELSE NULL END)   AS TOTAL_ACTIVE_FOCUS_AGREED_CNT,
       COUNT(DISTINCT CASE WHEN IS_TARGET = 'Y' THEN DCTR_ID ELSE NULL END)   AS TARGET_ACTIVE_CNT,
       COUNT(DISTINCT CASE WHEN FOCUS_STATUS = '在关注' AND IS_TARGET = 'Y' THEN DCTR_ID ELSE NULL END)   AS TARGET_ACTIVE_FOCUS_CNT,
       COUNT(DISTINCT CASE WHEN FOCUS_STATUS = '在关注' AND AGREED_STATUS='已同意条款' AND IS_TARGET = 'Y' THEN DCTR_ID ELSE NULL END)   AS TARGET_ACTIVE_FOCUS_AGREED_CNT,
       0 AS TOTAL_TARGET_CNT,
       0 AS TOTAL_TARGET_CNT_IS_TARGET,
       SYNC_DATE,
       RGN_TRTRY.RGN_CD AS GROUP_KEY,
	   SLEEVE_NAME,
	   SLEEVE_ID,
	   0 AS KEY_TARGET_CNT,
       COUNT(DISTINCT CASE WHEN FOCUS_STATUS = '在关注' AND AGREED_STATUS='已同意条款' AND SK_P_FLAG = 'Y' AND ACTIVATION_STATUS='已激活' THEN DCTR_ID ELSE NULL END) AS KEY_TARGET_ACTIVE_FOCUS_AGREED_CNT	   
FROM TYPE234
LEFT JOIN RGN_TRTRY ON TYPE234.TDYYYYMM=RGN_TRTRY.YEAR_MONTH_ID AND TYPE234.TRTRY_CD=RGN_TRTRY.TRTRY_CD
GROUP BY TDYYYYMM, TA_NAME,DCTR_TYPE,SYNC_DATE,RGN_NAME,OPEN_FLAG,RGN_TRTRY.RGN_CD,SLEEVE_NAME,SLEEVE_ID
UNION ALL
-----------IDCTR_TOTAL TA
SELECT  
       TDYYYYMM,
       DCTR_TYPE,
       TA_NAME,
       NULL AS DM,
       NULL AS REP,
       RGN_NAME,
       'REGION' AS FLAG,  ---- REGION的汇总数据
       OPEN_FLAG,
       0 AS TOTAL_ACTIVE_CNT,
       0 AS TOTAL_ACTIVE_FOCUS_CNT,
       0 AS TTL_ACTIVE_FOCUS_CNT_ISTARGET,
       0 AS TOTAL_ACTIVE_FOCUS_AGREED_CNT,
       0 AS TARGET_ACTIVE_CNT,
       0 AS TARGET_ACTIVE_FOCUS_CNT,
       0 AS TARGET_ACTIVE_FOCUS_AGREED_CNT,
       COUNT(DISTINCT DCTR_ID)   AS TOTAL_TARGET_CNT,
       COUNT(DISTINCT CASE WHEN IS_TARGET = 'Y' THEN DCTR_ID ELSE NULL END)   AS TOTAL_TARGET_CNT_IS_TARGET,
       SYNC_DATE,
       RGN_TRTRY.RGN_CD AS GROUP_KEY,
	   SLEEVE_NAME,
	   SLEEVE_ID,
	   COUNT(DISTINCT CASE WHEN SK_P_FLAG = 'Y' THEN DCTR_ID ELSE NULL END)  AS KEY_TARGET_CNT,
       0 AS KEY_TARGET_ACTIVE_FOCUS_AGREED_CNT
FROM TOTAL_KPI_BASE_INFO 
LEFT JOIN RGN_TRTRY ON TOTAL_KPI_BASE_INFO.TDYYYYMM=RGN_TRTRY.YEAR_MONTH_ID AND TOTAL_KPI_BASE_INFO.TRTRY_CD=RGN_TRTRY.TRTRY_CD
GROUP BY TDYYYYMM, TA_NAME,DCTR_TYPE,SYNC_DATE,RGN_NAME,OPEN_FLAG,RGN_TRTRY.RGN_CD,SLEEVE_NAME,SLEEVE_ID
),
TYPE_SUMMARY_DM AS (
-----------IDCTR_SUBTOTAL_DM  TA
SELECT   
       TDYYYYMM,
       DCTR_TYPE,
       TA_NAME,
       DM,
       NULL AS REP,
       RGN_NAME,
       'DM' AS FLAG,  ---- PARAMETER SHOW/HIDE REP 选择 “HIDE” 时，出现的DM数据
       OPEN_FLAG,
       COUNT(DISTINCT DCTR_ID)   AS TOTAL_ACTIVE_CNT,
       COUNT(DISTINCT CASE WHEN FOCUS_STATUS = '在关注' THEN DCTR_ID ELSE NULL END)   AS TOTAL_ACTIVE_FOCUS_CNT,
       COUNT(DISTINCT CASE WHEN FOCUS_STATUS = '在关注' AND IS_TARGET = 'Y' THEN DCTR_ID ELSE NULL END)   AS TTL_ACTIVE_FOCUS_CNT_ISTARGET,
       COUNT(DISTINCT CASE WHEN FOCUS_STATUS = '在关注' AND AGREED_STATUS='已同意条款' THEN DCTR_ID ELSE NULL END)   AS TOTAL_ACTIVE_FOCUS_AGREED_CNT,
       COUNT(DISTINCT CASE WHEN IS_TARGET = 'Y' THEN DCTR_ID ELSE NULL END)   AS TARGET_ACTIVE_CNT,
       COUNT(DISTINCT CASE WHEN FOCUS_STATUS = '在关注' AND IS_TARGET = 'Y' THEN DCTR_ID ELSE NULL END)   AS TARGET_ACTIVE_FOCUS_CNT,
       COUNT(DISTINCT CASE WHEN FOCUS_STATUS = '在关注' AND AGREED_STATUS='已同意条款' AND IS_TARGET = 'Y' THEN DCTR_ID ELSE NULL END)   AS TARGET_ACTIVE_FOCUS_AGREED_CNT,
       0 AS TOTAL_TARGET_CNT,
       0 AS TOTAL_TARGET_CNT_IS_TARGET,
       SYNC_DATE,
       DSTRCT_CD AS GROUP_KEY,
	   'TOTAL' AS SLEEVE_NAME,
	   NULL AS SLEEVE_ID,
	   0 AS KEY_TARGET_CNT,
       COUNT(DISTINCT CASE WHEN FOCUS_STATUS = '在关注' AND AGREED_STATUS='已同意条款' AND SK_P_FLAG = 'Y' AND ACTIVATION_STATUS='已激活' THEN DCTR_ID ELSE NULL END) AS KEY_TARGET_ACTIVE_FOCUS_AGREED_CNT	   
FROM TYPE234
GROUP BY TDYYYYMM, DCTR_TYPE,SYNC_DATE,TA_NAME,DM,RGN_NAME,OPEN_FLAG,DSTRCT_CD
UNION ALL
-----------IDCTR_SUBTOTAL_DM  TA
SELECT  
       TDYYYYMM,
       DCTR_TYPE,
       TA_NAME,
       DM,
       NULL AS REP,
       RGN_NAME,
       'DM' AS FLAG,  ---- PARAMETER SHOW/HIDE REP 选择 “HIDE” 时，出现的DM数据
       OPEN_FLAG,
       0 AS TOTAL_ACTIVE_CNT,
       0 AS TOTAL_ACTIVE_FOCUS_CNT,
       0 AS TTL_ACTIVE_FOCUS_CNT_ISTARGET,
       0 AS TOTAL_ACTIVE_FOCUS_AGREED_CNT,
       0 AS TARGET_ACTIVE_CNT,
       0 AS TARGET_ACTIVE_FOCUS_CNT,
       0 AS TARGET_ACTIVE_FOCUS_AGREED_CNT,
       COUNT(DISTINCT DCTR_ID)   AS TOTAL_TARGET_CNT,
       COUNT(DISTINCT CASE WHEN IS_TARGET = 'Y' THEN DCTR_ID ELSE NULL END)   AS TOTAL_TARGET_CNT_IS_TARGET,
       SYNC_DATE,
       DSTRCT_CD AS GROUP_KEY,
	   'TOTAL' AS SLEEVE_NAME,
	   NULL AS SLEEVE_ID,
	   COUNT(DISTINCT CASE WHEN SK_P_FLAG = 'Y' THEN DCTR_ID ELSE NULL END)  AS KEY_TARGET_CNT,
       0 AS KEY_TARGET_ACTIVE_FOCUS_AGREED_CNT
FROM TOTAL_KPI_BASE_INFO 
GROUP BY TDYYYYMM, DCTR_TYPE,SYNC_DATE,TA_NAME,DM,RGN_NAME,OPEN_FLAG,DSTRCT_CD
UNION ALL
SELECT   
       TDYYYYMM,
       DCTR_TYPE,
       TA_NAME,
       DM,
       NULL AS REP,
       RGN_NAME,
       'DM' AS FLAG,  ---- PARAMETER SHOW/HIDE REP 选择 “HIDE” 时，出现的DM数据
       OPEN_FLAG,
       COUNT(DISTINCT DCTR_ID)   AS TOTAL_ACTIVE_CNT,
       COUNT(DISTINCT CASE WHEN FOCUS_STATUS = '在关注' THEN DCTR_ID ELSE NULL END)   AS TOTAL_ACTIVE_FOCUS_CNT,
       COUNT(DISTINCT CASE WHEN FOCUS_STATUS = '在关注' AND IS_TARGET = 'Y' THEN DCTR_ID ELSE NULL END)   AS TTL_ACTIVE_FOCUS_CNT_ISTARGET,
       COUNT(DISTINCT CASE WHEN FOCUS_STATUS = '在关注' AND AGREED_STATUS='已同意条款' THEN DCTR_ID ELSE NULL END)   AS TOTAL_ACTIVE_FOCUS_AGREED_CNT,
       COUNT(DISTINCT CASE WHEN IS_TARGET = 'Y' THEN DCTR_ID ELSE NULL END)   AS TARGET_ACTIVE_CNT,
       COUNT(DISTINCT CASE WHEN FOCUS_STATUS = '在关注' AND IS_TARGET = 'Y' THEN DCTR_ID ELSE NULL END)   AS TARGET_ACTIVE_FOCUS_CNT,
       COUNT(DISTINCT CASE WHEN FOCUS_STATUS = '在关注' AND AGREED_STATUS='已同意条款' AND IS_TARGET = 'Y' THEN DCTR_ID ELSE NULL END)   AS TARGET_ACTIVE_FOCUS_AGREED_CNT,
       0 AS TOTAL_TARGET_CNT,
       0 AS TOTAL_TARGET_CNT_IS_TARGET,
       SYNC_DATE,
       DSTRCT_CD AS GROUP_KEY,
	   SLEEVE_NAME,
	   SLEEVE_ID,
	   0 AS KEY_TARGET_CNT,
       COUNT(DISTINCT CASE WHEN FOCUS_STATUS = '在关注' AND AGREED_STATUS='已同意条款' AND SK_P_FLAG = 'Y' AND ACTIVATION_STATUS='已激活' THEN DCTR_ID ELSE NULL END) AS KEY_TARGET_ACTIVE_FOCUS_AGREED_CNT	   
FROM TYPE234
GROUP BY TDYYYYMM, DCTR_TYPE,SYNC_DATE,TA_NAME,DM,RGN_NAME,OPEN_FLAG,DSTRCT_CD,SLEEVE_NAME,SLEEVE_ID
UNION ALL
-----------IDCTR_SUBTOTAL_DM  TA
SELECT  
       TDYYYYMM,
       DCTR_TYPE,
       TA_NAME,
       DM,
       NULL AS REP,
       RGN_NAME,
       'DM' AS FLAG,  ---- PARAMETER SHOW/HIDE REP 选择 “HIDE” 时，出现的DM数据
       OPEN_FLAG,
       0 AS TOTAL_ACTIVE_CNT,
       0 AS TOTAL_ACTIVE_FOCUS_CNT,
       0 AS TTL_ACTIVE_FOCUS_CNT_ISTARGET,
       0 AS TOTAL_ACTIVE_FOCUS_AGREED_CNT,
       0 AS TARGET_ACTIVE_CNT,
       0 AS TARGET_ACTIVE_FOCUS_CNT,
       0 AS TARGET_ACTIVE_FOCUS_AGREED_CNT,
       COUNT(DISTINCT DCTR_ID)   AS TOTAL_TARGET_CNT,
       COUNT(DISTINCT CASE WHEN IS_TARGET = 'Y' THEN DCTR_ID ELSE NULL END)   AS TOTAL_TARGET_CNT_IS_TARGET,
       SYNC_DATE,
       DSTRCT_CD AS GROUP_KEY,
	   SLEEVE_NAME,
	   SLEEVE_ID,
	   COUNT(DISTINCT CASE WHEN SK_P_FLAG = 'Y' THEN DCTR_ID ELSE NULL END)  AS KEY_TARGET_CNT,
       0 AS KEY_TARGET_ACTIVE_FOCUS_AGREED_CNT
FROM TOTAL_KPI_BASE_INFO
GROUP BY TDYYYYMM, DCTR_TYPE,SYNC_DATE,TA_NAME,DM,RGN_NAME,OPEN_FLAG,DSTRCT_CD,SLEEVE_NAME,SLEEVE_ID
),
BU_TRTRY AS (
SELECT DISTINCT
       YEAR_MONTH_ID,
       BU_CD,
	   TRTRY_CD
FROM RPD_OWNER.DIM_SALES_ORG_ALL
WHERE YEAR_MONTH_ID>='201909' ----源表是从201909开始统计数据
),
TYPE_SUMMARY_BU AS (
---- IDCTR REGION TOTAL
SELECT   
       TDYYYYMM,
       DCTR_TYPE,
       TA_NAME,
       'TOTAL' AS DM,
       NULL AS REP,
       'TOTAL' AS RGN_NAME,
       'TA' AS FLAG, ---- TA汇总数据
       OPEN_FLAG,
       COUNT(DISTINCT DCTR_ID)   AS TOTAL_ACTIVE_CNT,
       COUNT(DISTINCT CASE WHEN FOCUS_STATUS = '在关注' THEN DCTR_ID ELSE NULL END)   AS TOTAL_ACTIVE_FOCUS_CNT,
       COUNT(DISTINCT CASE WHEN FOCUS_STATUS = '在关注' AND IS_TARGET = 'Y' THEN DCTR_ID ELSE NULL END)   AS TTL_ACTIVE_FOCUS_CNT_ISTARGET,
       COUNT(DISTINCT CASE WHEN FOCUS_STATUS = '在关注' AND AGREED_STATUS='已同意条款' THEN DCTR_ID ELSE NULL END)   AS TOTAL_ACTIVE_FOCUS_AGREED_CNT,
       COUNT(DISTINCT CASE WHEN IS_TARGET = 'Y' THEN DCTR_ID ELSE NULL END)   AS TARGET_ACTIVE_CNT,
       COUNT(DISTINCT CASE WHEN FOCUS_STATUS = '在关注' AND IS_TARGET = 'Y' THEN DCTR_ID ELSE NULL END)   AS TARGET_ACTIVE_FOCUS_CNT,
       COUNT(DISTINCT CASE WHEN FOCUS_STATUS = '在关注' AND AGREED_STATUS='已同意条款' AND IS_TARGET = 'Y' THEN DCTR_ID ELSE NULL END)   AS TARGET_ACTIVE_FOCUS_AGREED_CNT,
       0 AS TOTAL_TARGET_CNT,
       0 AS TOTAL_TARGET_CNT_IS_TARGET,
       SYNC_DATE,
       BU_TRTRY.BU_CD AS GROUP_KEY,
	   'TOTAL' AS SLEEVE_NAME,
	   NULL AS SLEEVE_ID,
	   0 AS KEY_TARGET_CNT,
       COUNT(DISTINCT CASE WHEN FOCUS_STATUS = '在关注' AND AGREED_STATUS='已同意条款' AND SK_P_FLAG = 'Y' AND ACTIVATION_STATUS='已激活' THEN DCTR_ID ELSE NULL END) AS KEY_TARGET_ACTIVE_FOCUS_AGREED_CNT	   
FROM TYPE234
LEFT JOIN BU_TRTRY ON TYPE234.TRTRY_CD=BU_TRTRY.TRTRY_CD AND TYPE234.TDYYYYMM=BU_TRTRY.YEAR_MONTH_ID
GROUP BY TDYYYYMM, DCTR_TYPE,TA_NAME,SYNC_DATE,OPEN_FLAG,BU_TRTRY.BU_CD
UNION ALL
-------- IDCTR REGION TOTAL
SELECT 
       TDYYYYMM,
       DCTR_TYPE,
       TA_NAME,
       'TOTAL' AS DM,
       NULL AS REP,
       'TOTAL' AS RGN_NAME,
       'TA' AS FLAG, ---- TA汇总数据
       OPEN_FLAG,
       0 AS TOTAL_ACTIVE_CNT,
       0 AS TOTAL_ACTIVE_FOCUS_CNT,
       0 AS TTL_ACTIVE_FOCUS_CNT_ISTARGET,
       0 AS TOTAL_ACTIVE_FOCUS_AGREED_CNT,
       0 AS TARGET_ACTIVE_CNT,
       0 AS TARGET_ACTIVE_FOCUS_CNT,
       0 AS TARGET_ACTIVE_FOCUS_AGREED_CNT,
       COUNT(DISTINCT DCTR_ID)   AS TOTAL_TARGET_CNT,
       COUNT(DISTINCT CASE WHEN IS_TARGET = 'Y' THEN DCTR_ID ELSE NULL END)   AS TOTAL_TARGET_CNT_IS_TARGET,
       SYNC_DATE,
       BU_TRTRY.BU_CD AS GROUP_KEY,
       'TOTAL' AS SLEEVE_NAME,
       NULL AS SLEEVE_ID,
	   COUNT(DISTINCT CASE WHEN SK_P_FLAG = 'Y' THEN DCTR_ID ELSE NULL END)  AS KEY_TARGET_CNT,
       0 AS KEY_TARGET_ACTIVE_FOCUS_AGREED_CNT
FROM TOTAL_KPI_BASE_INFO 
LEFT JOIN BU_TRTRY ON TOTAL_KPI_BASE_INFO.TRTRY_CD=BU_TRTRY.TRTRY_CD AND TOTAL_KPI_BASE_INFO.TDYYYYMM=BU_TRTRY.YEAR_MONTH_ID
GROUP BY TDYYYYMM, DCTR_TYPE,TA_NAME,SYNC_DATE,OPEN_FLAG,BU_TRTRY.BU_CD
UNION ALL

SELECT   
       TDYYYYMM,
       DCTR_TYPE,
       TA_NAME,
       'TOTAL' AS DM,
       NULL AS REP,
       'TOTAL' AS RGN_NAME,
       'TA' AS FLAG, ---- TA汇总数据
       OPEN_FLAG,
       COUNT(DISTINCT DCTR_ID)   AS TOTAL_ACTIVE_CNT,
       COUNT(DISTINCT CASE WHEN FOCUS_STATUS = '在关注' THEN DCTR_ID ELSE NULL END)   AS TOTAL_ACTIVE_FOCUS_CNT,
       COUNT(DISTINCT CASE WHEN FOCUS_STATUS = '在关注' AND IS_TARGET = 'Y' THEN DCTR_ID ELSE NULL END)   AS TTL_ACTIVE_FOCUS_CNT_ISTARGET,
       COUNT(DISTINCT CASE WHEN FOCUS_STATUS = '在关注' AND AGREED_STATUS='已同意条款' THEN DCTR_ID ELSE NULL END)   AS TOTAL_ACTIVE_FOCUS_AGREED_CNT,
       COUNT(DISTINCT CASE WHEN IS_TARGET = 'Y' THEN DCTR_ID ELSE NULL END)   AS TARGET_ACTIVE_CNT,
       COUNT(DISTINCT CASE WHEN FOCUS_STATUS = '在关注' AND IS_TARGET = 'Y' THEN DCTR_ID ELSE NULL END)   AS TARGET_ACTIVE_FOCUS_CNT,
       COUNT(DISTINCT CASE WHEN FOCUS_STATUS = '在关注' AND AGREED_STATUS='已同意条款' AND IS_TARGET = 'Y' THEN DCTR_ID ELSE NULL END)   AS TARGET_ACTIVE_FOCUS_AGREED_CNT,
       0 AS TOTAL_TARGET_CNT,
       0 AS TOTAL_TARGET_CNT_IS_TARGET,
       SYNC_DATE,
       BU_TRTRY.BU_CD AS GROUP_KEY,
       SLEEVE_NAME,
       SLEEVE_ID,
	   0 AS KEY_TARGET_CNT,
       COUNT(DISTINCT CASE WHEN FOCUS_STATUS = '在关注' AND AGREED_STATUS='已同意条款' AND SK_P_FLAG = 'Y' AND ACTIVATION_STATUS='已激活' THEN DCTR_ID ELSE NULL END) AS KEY_TARGET_ACTIVE_FOCUS_AGREED_CNT	   
FROM TYPE234
LEFT JOIN BU_TRTRY ON TYPE234.TRTRY_CD=BU_TRTRY.TRTRY_CD AND TYPE234.TDYYYYMM=BU_TRTRY.YEAR_MONTH_ID
GROUP BY TDYYYYMM, DCTR_TYPE,TA_NAME,SYNC_DATE,OPEN_FLAG,BU_TRTRY.BU_CD,SLEEVE_NAME,SLEEVE_ID
UNION ALL
-------- IDCTR REGION TOTAL
SELECT 
       TDYYYYMM,
       DCTR_TYPE,
       TA_NAME,
       'TOTAL' AS DM,
       NULL AS REP,
       'TOTAL' AS RGN_NAME,
       'TA' AS FLAG, ---- TA汇总数据
       OPEN_FLAG,
       0 AS TOTAL_ACTIVE_CNT,
       0 AS TOTAL_ACTIVE_FOCUS_CNT,
       0 AS TTL_ACTIVE_FOCUS_CNT_ISTARGET,
       0 AS TOTAL_ACTIVE_FOCUS_AGREED_CNT,
       0 AS TARGET_ACTIVE_CNT,
       0 AS TARGET_ACTIVE_FOCUS_CNT,
       0 AS TARGET_ACTIVE_FOCUS_AGREED_CNT,
       COUNT(DISTINCT DCTR_ID)   AS TOTAL_TARGET_CNT,
       COUNT(DISTINCT CASE WHEN IS_TARGET = 'Y' THEN DCTR_ID ELSE NULL END)   AS TOTAL_TARGET_CNT_IS_TARGET,
       SYNC_DATE,
       BU_TRTRY.BU_CD AS GROUP_KEY,
       SLEEVE_NAME,
       SLEEVE_ID,
	   COUNT(DISTINCT CASE WHEN SK_P_FLAG = 'Y' THEN DCTR_ID ELSE NULL END)  AS KEY_TARGET_CNT,
       0 AS KEY_TARGET_ACTIVE_FOCUS_AGREED_CNT
FROM TOTAL_KPI_BASE_INFO 
LEFT JOIN BU_TRTRY ON TOTAL_KPI_BASE_INFO.TRTRY_CD=BU_TRTRY.TRTRY_CD AND TOTAL_KPI_BASE_INFO.TDYYYYMM=BU_TRTRY.YEAR_MONTH_ID
GROUP BY TDYYYYMM, DCTR_TYPE,TA_NAME,SYNC_DATE,OPEN_FLAG,BU_TRTRY.BU_CD,SLEEVE_NAME,SLEEVE_ID
),
BASE_INFO AS (
----关联控制权限的字段SYSTEM_ID
SELECT 
       TDYYYYMM,
       DCTR_TYPE,
       TA_NAME,
       DM,
       REP,
       RGN_NAME,
       FLAG,
       OPEN_FLAG,
       SUM(TOTAL_ACTIVE_CNT)               AS TOTAL_ACTIVE_CNT,
       SUM(TOTAL_ACTIVE_FOCUS_CNT)         AS TOTAL_ACTIVE_FOCUS_CNT,
       SUM(TTL_ACTIVE_FOCUS_CNT_ISTARGET)  AS TTL_ACTIVE_FOCUS_CNT_ISTARGET,
       SUM(TOTAL_ACTIVE_FOCUS_AGREED_CNT)  AS TOTAL_ACTIVE_FOCUS_AGREED_CNT,
       SUM(TARGET_ACTIVE_CNT)              AS TARGET_ACTIVE_CNT,
       SUM(TARGET_ACTIVE_FOCUS_CNT)        AS TARGET_ACTIVE_FOCUS_CNT,
       SUM(TARGET_ACTIVE_FOCUS_AGREED_CNT) AS TARGET_ACTIVE_FOCUS_AGREED_CNT,
       SUM(TOTAL_TARGET_CNT)               AS TOTAL_TARGET_CNT,
       SUM(TOTAL_TARGET_CNT_IS_TARGET)     AS TOTAL_TARGET_CNT_IS_TARGET,
	   SUM(KEY_TARGET_CNT)                 AS KEY_TARGET_CNT,
	   SUM(KEY_TARGET_ACTIVE_FOCUS_AGREED_CNT)    AS KEY_TARGET_ACTIVE_FOCUS_AGREED_CNT,
       SYNC_DATE,
       GROUP_KEY,
	   SLEEVE_NAME,
	   SLEEVE_ID
FROM TYPE_SUMMARY_REP A
GROUP BY TDYYYYMM,DCTR_TYPE,TA_NAME,SYNC_DATE,DM,REP,RGN_NAME,FLAG,OPEN_FLAG,GROUP_KEY,SLEEVE_NAME,SLEEVE_ID
UNION ALL
SELECT 
       TDYYYYMM,
       DCTR_TYPE,
       TA_NAME,
       DM,
       REP,
       RGN_NAME,
       FLAG,
       OPEN_FLAG,
       SUM(TOTAL_ACTIVE_CNT)               AS TOTAL_ACTIVE_CNT,
       SUM(TOTAL_ACTIVE_FOCUS_CNT)         AS TOTAL_ACTIVE_FOCUS_CNT,
       SUM(TTL_ACTIVE_FOCUS_CNT_ISTARGET)  AS TTL_ACTIVE_FOCUS_CNT_ISTARGET,
       SUM(TOTAL_ACTIVE_FOCUS_AGREED_CNT)  AS TOTAL_ACTIVE_FOCUS_AGREED_CNT,
       SUM(TARGET_ACTIVE_CNT)              AS TARGET_ACTIVE_CNT,
       SUM(TARGET_ACTIVE_FOCUS_CNT)        AS TARGET_ACTIVE_FOCUS_CNT,
       SUM(TARGET_ACTIVE_FOCUS_AGREED_CNT) AS TARGET_ACTIVE_FOCUS_AGREED_CNT,
       SUM(TOTAL_TARGET_CNT)               AS TOTAL_TARGET_CNT,
       SUM(TOTAL_TARGET_CNT_IS_TARGET)     AS TOTAL_TARGET_CNT_IS_TARGET,
	   SUM(KEY_TARGET_CNT)                 AS KEY_TARGET_CNT,
	   SUM(KEY_TARGET_ACTIVE_FOCUS_AGREED_CNT)    AS KEY_TARGET_ACTIVE_FOCUS_AGREED_CNT,	   
       SYNC_DATE,
       GROUP_KEY,
	   SLEEVE_NAME,
	   SLEEVE_ID
FROM TYPE_SUMMARY_DM A
GROUP BY TDYYYYMM,DCTR_TYPE,TA_NAME,SYNC_DATE,DM,REP,RGN_NAME,FLAG,OPEN_FLAG,GROUP_KEY,SLEEVE_NAME,SLEEVE_ID
UNION ALL
SELECT 
       TDYYYYMM,
       DCTR_TYPE,
       TA_NAME,
       DM,
       REP,
       RGN_NAME,
       FLAG,
       OPEN_FLAG,
       SUM(TOTAL_ACTIVE_CNT)               AS TOTAL_ACTIVE_CNT,
       SUM(TOTAL_ACTIVE_FOCUS_CNT)         AS TOTAL_ACTIVE_FOCUS_CNT,
       SUM(TTL_ACTIVE_FOCUS_CNT_ISTARGET)  AS TTL_ACTIVE_FOCUS_CNT_ISTARGET,
       SUM(TOTAL_ACTIVE_FOCUS_AGREED_CNT)  AS TOTAL_ACTIVE_FOCUS_AGREED_CNT,
       SUM(TARGET_ACTIVE_CNT)              AS TARGET_ACTIVE_CNT,
       SUM(TARGET_ACTIVE_FOCUS_CNT)        AS TARGET_ACTIVE_FOCUS_CNT,
       SUM(TARGET_ACTIVE_FOCUS_AGREED_CNT) AS TARGET_ACTIVE_FOCUS_AGREED_CNT,
       SUM(TOTAL_TARGET_CNT)               AS TOTAL_TARGET_CNT,
       SUM(TOTAL_TARGET_CNT_IS_TARGET)     AS TOTAL_TARGET_CNT_IS_TARGET,
	   SUM(KEY_TARGET_CNT)                 AS KEY_TARGET_CNT,
	   SUM(KEY_TARGET_ACTIVE_FOCUS_AGREED_CNT)    AS KEY_TARGET_ACTIVE_FOCUS_AGREED_CNT,	   
       SYNC_DATE,
       GROUP_KEY,
	   SLEEVE_NAME,
	   SLEEVE_ID
FROM TYPE_SUMMARY_RGN A
GROUP BY TDYYYYMM,DCTR_TYPE,TA_NAME,SYNC_DATE,DM,REP,RGN_NAME,FLAG,OPEN_FLAG,GROUP_KEY,SLEEVE_NAME,SLEEVE_ID
UNION ALL
SELECT 
       TDYYYYMM,
       DCTR_TYPE,
       TA_NAME,
       DM,
       REP,
       RGN_NAME,
       FLAG,
       OPEN_FLAG,
       SUM(TOTAL_ACTIVE_CNT)               AS TOTAL_ACTIVE_CNT,
       SUM(TOTAL_ACTIVE_FOCUS_CNT)         AS TOTAL_ACTIVE_FOCUS_CNT,
       SUM(TTL_ACTIVE_FOCUS_CNT_ISTARGET)  AS TTL_ACTIVE_FOCUS_CNT_ISTARGET,
       SUM(TOTAL_ACTIVE_FOCUS_AGREED_CNT)  AS TOTAL_ACTIVE_FOCUS_AGREED_CNT,
       SUM(TARGET_ACTIVE_CNT)              AS TARGET_ACTIVE_CNT,
       SUM(TARGET_ACTIVE_FOCUS_CNT)        AS TARGET_ACTIVE_FOCUS_CNT,
       SUM(TARGET_ACTIVE_FOCUS_AGREED_CNT) AS TARGET_ACTIVE_FOCUS_AGREED_CNT,
       SUM(TOTAL_TARGET_CNT)               AS TOTAL_TARGET_CNT,
       SUM(TOTAL_TARGET_CNT_IS_TARGET)     AS TOTAL_TARGET_CNT_IS_TARGET,
	   SUM(KEY_TARGET_CNT)                 AS KEY_TARGET_CNT,
	   SUM(KEY_TARGET_ACTIVE_FOCUS_AGREED_CNT)    AS KEY_TARGET_ACTIVE_FOCUS_AGREED_CNT,	   
       SYNC_DATE,
       GROUP_KEY,
	   SLEEVE_NAME,
	   SLEEVE_ID
FROM TYPE_SUMMARY_BU A
GROUP BY TDYYYYMM,DCTR_TYPE,TA_NAME,SYNC_DATE,DM,REP,RGN_NAME,FLAG,OPEN_FLAG,GROUP_KEY,SLEEVE_NAME,SLEEVE_ID
),
TABLEAU_ACCESS AS (
SELECT /*+ MATERIALIZE */
      GROUP_KEY
     ,SYSTEM_ID     
FROM RPD_OWNER.V_IDCTR_TABLEAU_ACCESS 
)
SELECT TDYYYYMM,
       DCTR_TYPE,
       TA_NAME,
       DM,
       REP,
       RGN_NAME,
       FLAG,
       OPEN_FLAG,	  
       SLEEVE_NAME,
       TOTAL_ACTIVE_CNT, 
       TOTAL_ACTIVE_FOCUS_CNT,
       TTL_ACTIVE_FOCUS_CNT_ISTARGET,
       TOTAL_ACTIVE_FOCUS_AGREED_CNT,
       TARGET_ACTIVE_CNT,
       TARGET_ACTIVE_FOCUS_CNT,
       TARGET_ACTIVE_FOCUS_AGREED_CNT,
       TOTAL_TARGET_CNT,
       TOTAL_TARGET_CNT_IS_TARGET,
	   KEY_TARGET_ACTIVE_FOCUS_AGREED_CNT,
	   KEY_TARGET_CNT,
       SYNC_DATE,
       TABLEAU_ACCESS.SYSTEM_ID	   
FROM BASE_INFO 
LEFT JOIN TABLEAU_ACCESS ON BASE_INFO.GROUP_KEY=TABLEAU_ACCESS.GROUP_KEY