WITH COMBINE_BRAND_INFO AS (
SELECT 'CYMBALTA CMP' AS BRAND_SOURCE,'CMP'    AS TA_SOURCE,'CYMBALTA CMP AND MDD'    AS BRAND_TARGET ,'CMP'    AS TA_TARGET, 2 AS CNT,201701 AS START_DATE,202012 AS END_DATE FROM DUAL UNION ALL
SELECT 'CYMBALTA MDD' AS BRAND_SOURCE,'CMP'    AS TA_SOURCE,'CYMBALTA CMP AND MDD'    AS BRAND_TARGET ,'CMP'    AS TA_TARGET, 2 AS CNT,201701 AS START_DATE,202012 AS END_DATE FROM DUAL UNION ALL
SELECT 'CYMBALTA CMP' AS BRAND_SOURCE,'CNS'    AS TA_SOURCE,'CYMBALTA CMP AND MDD'    AS BRAND_TARGET ,'CNS'    AS TA_TARGET, 2 AS CNT,201701 AS START_DATE,202012 AS END_DATE FROM DUAL UNION ALL
SELECT 'CYMBALTA MDD' AS BRAND_SOURCE,'CNS'    AS TA_SOURCE,'CYMBALTA CMP AND MDD'    AS BRAND_TARGET ,'CNS'    AS TA_TARGET, 2 AS CNT,201701 AS START_DATE,202012 AS END_DATE FROM DUAL UNION ALL		   

SELECT 'GEMZAR'       AS BRAND_SOURCE,'LC/HEM'  AS TA_SOURCE,'GEMZAR,ALIMTA'           AS BRAND_TARGET ,'LC/HEM'  AS TA_TARGET, 2 AS CNT,202101 AS START_DATE,999912 AS END_DATE FROM DUAL UNION ALL
SELECT 'ALIMTA'       AS BRAND_SOURCE,'LC/HEM'  AS TA_SOURCE,'GEMZAR,ALIMTA'           AS BRAND_TARGET ,'LC/HEM'  AS TA_TARGET, 2 AS CNT,202101 AS START_DATE,999912 AS END_DATE FROM DUAL UNION ALL
SELECT 'PROZAC'       AS BRAND_SOURCE,'BMBU'    AS TA_SOURCE,'PROZAC,ZYPREXA,CYMBALTA' AS BRAND_TARGET ,'BMBU'    AS TA_TARGET, 4 AS CNT,202101 AS START_DATE,999912 AS END_DATE FROM DUAL UNION ALL
SELECT 'ZYPREXA'      AS BRAND_SOURCE,'BMBU'    AS TA_SOURCE,'PROZAC,ZYPREXA,CYMBALTA' AS BRAND_TARGET ,'BMBU'    AS TA_TARGET, 4 AS CNT,202101 AS START_DATE,999912 AS END_DATE FROM DUAL UNION ALL
SELECT 'CYMBALTA CMP' AS BRAND_SOURCE,'BMBU'    AS TA_SOURCE,'PROZAC,ZYPREXA,CYMBALTA' AS BRAND_TARGET ,'BMBU'    AS TA_TARGET, 4 AS CNT,202101 AS START_DATE,999912 AS END_DATE FROM DUAL UNION ALL
SELECT 'CYMBALTA MDD' AS BRAND_SOURCE,'BMBU'    AS TA_SOURCE,'PROZAC,ZYPREXA,CYMBALTA' AS BRAND_TARGET ,'BMBU'    AS TA_TARGET, 4 AS CNT,202101 AS START_DATE,999912 AS END_DATE FROM DUAL
),
MEETING_COMBINE_BRAND AS (
/*MEETING中涉及到合并品牌的处理逻辑：只要包含了合并品牌的BRAND，不管是单个的还是多个的都要算到对应的合并品牌的BRAND中，所以后面使用时需要VIEWCNT除以这里计算的CNT
  比如 会议中只有GEMZAR或者ALIMTA，需要计算到合并品牌GEMZAR,ALIMTA时都是1，
       会议中同时包含了GEMZAR和ALIMTA，计算合并品牌时GEMZAR,ALIMTA 需要除以2 以后还是1        
*/
SELECT DISTINCT /*+ MATERIALIZE */
       CST.PLAN_YYYYMM
      ,CMB.BRAND_SOURCE
      ,CMB.TA_SOURCE
      ,CMB.BRAND_TARGET
      ,CMB.TA_TARGET 
      ,CST.MEETING_CODE
      ,COUNT(DISTINCT CST.PROUDCT_CATEGORY_NAME_EN) OVER (PARTITION BY CST.MEETING_CODE,CMB.BRAND_TARGET ,CMB.TA_TARGET) AS CNT ---后续要去重时使用做去重处理
FROM COMBINE_BRAND_INFO CMB
INNER JOIN RPD_OWNER.DIM_RLTN_CST_PRDCT_CTGRY CST
	ON CMB.BRAND_SOURCE=CST.PROUDCT_CATEGORY_NAME_EN AND CMB.TA_SOURCE=CST.SALES_TA_NAME AND CMB.START_DATE<=CST.PLAN_YYYYMM AND CMB.END_DATE>=CST.PLAN_YYYYMM                                 
WHERE CST.PLAN_YYYYMM>=201901
),
/*因为FCT_IDCTR_WECHAT_REP中WECHAT REP的指标有查看信息等VIEW时间统计指标，但是2021年VIEWTIME>=202101 并且SENDTIME<=202012的TA变成了新TA
  为保证这部分数据也能正常统计到，需要将其时间衍生到2021年之前，因为CYMBALTA CMP AND MDD在2021年之前需要统计，2021年又不统计，
  所以对于2021年合并品牌的开始时间需要从2017年就开始，同时合并品牌CYMBALTA CMP AND MDD在2020年及之前也需要统计，这时2020年之前
  会出现两条数据，比如2020年的 'CYMBALTA CMP'对应的会生成合并品牌'CYMBALTA CMP AND MDD'和'PROZAC,ZYPREXA,CYMBALTA'，
  但是通过BRAND和TA关联后新合并品牌'PROZAC,ZYPREXA,CYMBALTA'不会出现在VIEWTIME是2020年及之前的数据里面
  同时可以将过去发送2021年查看的数据(VIEWTIME>=202101 SENDTIME<=202012)被统计到 
  其他表不涉及到这种CASE  
*/
COMBINE_BRAND_INFO_WECHAT AS (
---2021年之前的合并品牌'CYMBALTA CMP AND MDD'
SELECT 'CYMBALTA CMP' AS BRAND_SOURCE,'CMP'    AS TA_SOURCE,'CYMBALTA CMP AND MDD'    AS BRAND_TARGET ,'CMP'    AS TA_TARGET, 2 AS CNT,201701 AS START_DATE,202012 AS END_DATE FROM DUAL UNION ALL
SELECT 'CYMBALTA MDD' AS BRAND_SOURCE,'CMP'    AS TA_SOURCE,'CYMBALTA CMP AND MDD'    AS BRAND_TARGET ,'CMP'    AS TA_TARGET, 2 AS CNT,201701 AS START_DATE,202012 AS END_DATE FROM DUAL UNION ALL
SELECT 'CYMBALTA CMP' AS BRAND_SOURCE,'CNS'    AS TA_SOURCE,'CYMBALTA CMP AND MDD'    AS BRAND_TARGET ,'CNS'    AS TA_TARGET, 2 AS CNT,201701 AS START_DATE,202012 AS END_DATE FROM DUAL UNION ALL
SELECT 'CYMBALTA MDD' AS BRAND_SOURCE,'CNS'    AS TA_SOURCE,'CYMBALTA CMP AND MDD'    AS BRAND_TARGET ,'CNS'    AS TA_TARGET, 2 AS CNT,201701 AS START_DATE,202012 AS END_DATE FROM DUAL UNION ALL		   
----2021年之后的合并品牌
SELECT 'GEMZAR'       AS BRAND_SOURCE,'LC/HEM'  AS TA_SOURCE,'GEMZAR,ALIMTA'           AS BRAND_TARGET ,'LC/HEM'  AS TA_TARGET, 2 AS CNT,201701 AS START_DATE,999912 AS END_DATE FROM DUAL UNION ALL
SELECT 'ALIMTA'       AS BRAND_SOURCE,'LC/HEM'  AS TA_SOURCE,'GEMZAR,ALIMTA'           AS BRAND_TARGET ,'LC/HEM'  AS TA_TARGET, 2 AS CNT,201701 AS START_DATE,999912 AS END_DATE FROM DUAL UNION ALL
SELECT 'PROZAC'       AS BRAND_SOURCE,'BMBU'    AS TA_SOURCE,'PROZAC,ZYPREXA,CYMBALTA' AS BRAND_TARGET ,'BMBU'    AS TA_TARGET, 4 AS CNT,201701 AS START_DATE,999912 AS END_DATE FROM DUAL UNION ALL
SELECT 'ZYPREXA'      AS BRAND_SOURCE,'BMBU'    AS TA_SOURCE,'PROZAC,ZYPREXA,CYMBALTA' AS BRAND_TARGET ,'BMBU'    AS TA_TARGET, 4 AS CNT,201701 AS START_DATE,999912 AS END_DATE FROM DUAL UNION ALL
SELECT 'CYMBALTA CMP' AS BRAND_SOURCE,'BMBU'    AS TA_SOURCE,'PROZAC,ZYPREXA,CYMBALTA' AS BRAND_TARGET ,'BMBU'    AS TA_TARGET, 4 AS CNT,201701 AS START_DATE,999912 AS END_DATE FROM DUAL UNION ALL
SELECT 'CYMBALTA MDD' AS BRAND_SOURCE,'BMBU'    AS TA_SOURCE,'PROZAC,ZYPREXA,CYMBALTA' AS BRAND_TARGET ,'BMBU'    AS TA_TARGET, 4 AS CNT,201701 AS START_DATE,999912 AS END_DATE FROM DUAL 
),
MEETING_COMBINE_BRAND_WECHAT AS (
/*MEETING中涉及到合并品牌的处理逻辑：只要包含了合并品牌的BRAND，不管是单个的还是多个的都要算到对应的合并品牌的BRAND中，所以后面使用时需要VIEWCNT除以这里计算的CNT
  比如 会议中只有GEMZAR或者ALIMTA，需要计算到合并品牌GEMZAR,ALIMTA时都是1，
       会议中同时包含了GEMZAR和ALIMTA，计算合并品牌时GEMZAR,ALIMTA 需要除以2 以后还是1   
  对于WECHAT REP中的会议为了方便2020发送的2021年查看的会议数据统计，这里做特殊处理只用时间和BRAND关联，不关联TA，因为2021年查看会议的数据TA已经是新TA 
*/
SELECT DISTINCT
       CST.PLAN_YYYYMM
      ,CMB.BRAND_SOURCE
      ,CMB.TA_SOURCE
      ,CMB.BRAND_TARGET
      ,CMB.TA_TARGET 
      ,CST.MEETING_CODE
      ,COUNT(DISTINCT CST.PROUDCT_CATEGORY_NAME_EN) OVER (PARTITION BY CST.MEETING_CODE,CMB.BRAND_TARGET ,CMB.TA_TARGET) AS CNT ---后续要去重时使用做去重处理
FROM COMBINE_BRAND_INFO_WECHAT CMB
INNER JOIN RPD_OWNER.DIM_RLTN_CST_PRDCT_CTGRY CST
	ON CMB.BRAND_SOURCE=CST.PROUDCT_CATEGORY_NAME_EN AND  CMB.START_DATE<=CST.PLAN_YYYYMM AND CMB.END_DATE>=CST.PLAN_YYYYMM                                 
WHERE CST.PLAN_YYYYMM>=201901
),
------------------20200819 新增 BRAND = CYMBALTA CMP , MDD 的数据部分
FCT_MEETING AS (
-----------------------------------------FCT_CST_MEETING
SELECT  NULL AS DCTR_ID
       ,NULL AS HCP_ID
       ,FCT_MEETING.CONTENT_TA
       ,FCT_MEETING.YEAR_MONTH
       ,FCT_MEETING.BRAND_NAME
       ,FCT_MEETING.SOLUTION --ADD BY RITA 20200121 新增字段
       ,SUM(FCT_MEETING.ACT_MEETING_ATTENDENCE)     AS VIEWCNT
       ,NULL AS BRAND_CNT
       ,'# OF MEETING ATTENDEES' AS SUB_CATEGORY1
       ,'1' AS CAT_TYPE
FROM (SELECT  NVL(CPC.TA_NAME,'OTHERS') AS CONTENT_TA
             ,NVL(TO_CHAR(FCT_MEETING.ACT_YYYYMM),SUBSTR(TO_CHAR(MEETINGINFO.YYYYMM),1,6)) AS YEAR_MONTH
             ,CPC.PROUDCT_CATEGORY_NAME_EN AS BRAND_NAME
             ,NVL(FCT_MEETING.TEXT,'OTHERS') AS SOLUTION --ADD BY RITA 20200121 新增字段
             ,FCT_MEETING.ACT_MEETING_ATTENDENCE
       FROM RPD_OWNER.FCT_CST_MEETING FCT_MEETING
       INNER JOIN RPD_OWNER.STG_IDOCTOR_MEETING_INFO MEETINGINFO ON FCT_MEETING.MEETING_CODE = MEETINGINFO.MEETING_ID
       INNER JOIN (
                    SELECT DISTINCT 
                           MEETING_CODE,
                           TA_TARGET AS TA_NAME,
                           BRAND_TARGET AS PROUDCT_CATEGORY_NAME_EN
                    FROM MEETING_COMBINE_BRAND
				    ) CPC ON FCT_MEETING.MEETING_CODE = CPC.MEETING_CODE			
      ) FCT_MEETING
GROUP BY FCT_MEETING.CONTENT_TA
        ,FCT_MEETING.YEAR_MONTH
        ,FCT_MEETING.BRAND_NAME
        ,FCT_MEETING.SOLUTION
),
TOUCHPOINT_MEETING_VIEW AS (
SELECT T.DCTR_ID
      ,T.HCP_ID
      ,T.CONTENT_ID
      ,T.CONTENT_TA
      ,T.VIEW_YYYYMM
      ,T.BRAND_NAME
      ,T.SOLUTION
      ,T.VIEWCNT
      ,T.BRAND_CNT
      ,T.BRAND_SPLIT_FLAG
FROM (
      SELECT DISTINCT 
             DCTR_ID
             ,HCP_ID
             ,CONTENT_ID
             ,CONTENT_TA
             ,VIEW_YYYYMM
             ,BRAND_NAME
             ,SOLUTION
             ,VIEWCNT
             ,BRAND_CNT
             ,BRAND_SPLIT_FLAG
             ,ROW_NUMBER() OVER(PARTITION BY VIEW_YYYYMM,HCP_ID||CONTENT_ID,BRAND_NAME ORDER BY VIEW_TIME DESC) AS CNT
      FROM RPD_OWNER.FCT_IDCTR_TOUCHPOINT_KPI
      WHERE LOWER(SOURCE_FLAG)='MEETING VIEW'         
     ) T
WHERE T.CNT=1   ----逻辑都是统计的记录条数，由于HCP会多次点击，那么就涉及重复计算的情况，所以用户提出对此指标进行去重操作
),
TOUCHPOINT_MEETING AS (
----'TA BRAND MAPPING' 拆分 ，因为这部分数据相当于是将源数据翻倍处理，所以这里的去重可以直接除以对应的合并BRAND数
SELECT TP.DCTR_ID
      ,TP.HCP_ID
      ,TP.CONTENT_ID
      ,TP.CONTENT_TA
      ,TP.VIEW_YYYYMM
      ,TP.BRAND_NAME
      ,TP.SOLUTION
      ,TP.VIEWCNT/CMB.CNT AS VIEWCNT
      ,NULL BRAND_CNT
FROM TOUCHPOINT_MEETING_VIEW TP
INNER JOIN COMBINE_BRAND_INFO CMB ON TP.BRAND_NAME=CMB.BRAND_SOURCE AND TP.CONTENT_TA=CMB.TA_SOURCE AND TP.VIEW_YYYYMM>=CMB.START_DATE AND TP.VIEW_YYYYMM<=CMB.END_DATE
WHERE TP.BRAND_SPLIT_FLAG='TA BRAND MAPPING'
UNION ALL
SELECT TP.DCTR_ID
      ,TP.HCP_ID
      ,TP.CONTENT_ID
      ,TP.CONTENT_TA
      ,TP.VIEW_YYYYMM
      ,TP.BRAND_NAME
      ,TP.SOLUTION
      ,TP.VIEWCNT/CMB.CNT AS VIEWCNT
      ,NULL BRAND_CNT
FROM TOUCHPOINT_MEETING_VIEW TP
INNER JOIN MEETING_COMBINE_BRAND CMB ON TP.CONTENT_ID=CMB.MEETING_CODE AND TP.CONTENT_TA=CMB.TA_SOURCE  AND TP.BRAND_NAME=CMB.BRAND_SOURCE 
WHERE TP.BRAND_SPLIT_FLAG<>'TA BRAND MAPPING'
),
FCT_IDCTR_TOUCHPOINT AS (
----文章部分  'TA BRAND MAPPING' 拆分 ，因为这部分数据相当于是将源数据翻倍处理，所以这里的去重可以直接除以对应的合并BRAND数
SELECT TP.DCTR_ID
      ,TP.HCP_ID
      ,TP.CONTENT_ID
      ,CMB.TA_TARGET AS CONTENT_TA
      ,TP.VIEW_YYYYMM
      ,CMB.BRAND_TARGET AS BRAND_NAME
      ,TP.SOLUTION
      ,TP.VIEWCNT/CMB.CNT AS VIEWCNT
      ,NULL BRAND_CNT
	  ,TP.SOURCE_FLAG
FROM RPD_OWNER.FCT_IDCTR_TOUCHPOINT_KPI TP
INNER JOIN COMBINE_BRAND_INFO CMB ON TP.BRAND_NAME=CMB.BRAND_SOURCE AND TP.CONTENT_TA=CMB.TA_SOURCE AND TP.VIEW_YYYYMM>=CMB.START_DATE AND TP.VIEW_YYYYMM<=CMB.END_DATE 
WHERE LOWER(SOURCE_FLAG) IN ('ARTICLE VIEW','ARTICLE COLLECTION','MAGAZINE VIEW','MAGAZINE DOWNLOAD','MAGAZINE COLLECTION')
AND BRAND_SPLIT_FLAG='TA BRAND MAPPING'

UNION ALL
----文章部分  'TA BRAND MAPPING' 拆分 ，因为这部分数据相当于是将源数据翻倍处理，所以这里的去重可以直接除以对应的合并BRAND数
SELECT TP.DCTR_ID
      ,TP.HCP_ID
      ,TP.CONTENT_ID
      ,CMB.TA_TARGET AS CONTENT_TA
      ,TP.VIEW_YYYYMM
      ,CMB.BRAND_TARGET AS BRAND_NAME
      ,TP.SOLUTION
      ,TP.VIEWCNT
      ,NULL BRAND_CNT
	  ,TP.SOURCE_FLAG
FROM RPD_OWNER.FCT_IDCTR_TOUCHPOINT_KPI TP
INNER JOIN COMBINE_BRAND_INFO CMB ON TP.BRAND_NAME=CMB.BRAND_SOURCE AND TP.CONTENT_TA=CMB.TA_SOURCE AND TP.VIEW_YYYYMM>=CMB.START_DATE AND TP.VIEW_YYYYMM<=CMB.END_DATE 
WHERE LOWER(SOURCE_FLAG) IN ('ARTICLE VIEW','ARTICLE COLLECTION','MAGAZINE VIEW','MAGAZINE DOWNLOAD','MAGAZINE COLLECTION')
AND BRAND_SPLIT_FLAG<>'TA BRAND MAPPING'

UNION ALL
----MEETING部分  'TA BRAND MAPPING' 拆分 ，因为这部分数据相当于是将源数据翻倍处理，所以这里的去重可以直接除以对应的合并BRAND数
SELECT TP.DCTR_ID
      ,TP.HCP_ID
      ,TP.CONTENT_ID
      ,CMB.TA_TARGET AS CONTENT_TA
      ,TP.VIEW_YYYYMM
      ,CMB.BRAND_TARGET AS BRAND_NAME
      ,TP.SOLUTION
      ,TP.VIEWCNT/CMB.CNT AS VIEWCNT
      ,NULL BRAND_CNT
	  ,TP.SOURCE_FLAG
FROM RPD_OWNER.FCT_IDCTR_TOUCHPOINT_KPI TP
INNER JOIN COMBINE_BRAND_INFO CMB ON TP.BRAND_NAME=CMB.BRAND_SOURCE AND TP.CONTENT_TA=CMB.TA_SOURCE AND TP.VIEW_YYYYMM>=CMB.START_DATE AND TP.VIEW_YYYYMM<=CMB.END_DATE  
WHERE LOWER(SOURCE_FLAG) IN ('MEETING REGISTRATION','MEETING SHARING')
AND BRAND_SPLIT_FLAG='TA BRAND MAPPING'

UNION ALL
SELECT TP.DCTR_ID
      ,TP.HCP_ID
      ,TP.CONTENT_ID
      ,CMB.TA_TARGET AS CONTENT_TA
      ,TP.VIEW_YYYYMM
      ,CMB.BRAND_TARGET AS BRAND_NAME
      ,TP.SOLUTION
      ,TP.VIEWCNT/CMB.CNT AS VIEWCNT
      ,NULL BRAND_CNT
	  ,TP.SOURCE_FLAG
FROM RPD_OWNER.FCT_IDCTR_TOUCHPOINT_KPI TP
INNER JOIN MEETING_COMBINE_BRAND CMB ON TP.CONTENT_ID=CMB.MEETING_CODE AND TP.CONTENT_TA=CMB.TA_SOURCE  AND TP.BRAND_NAME=CMB.BRAND_SOURCE 
WHERE LOWER(TP.SOURCE_FLAG) IN ('MEETING REGISTRATION','MEETING SHARING')
AND BRAND_SPLIT_FLAG<>'TA BRAND MAPPING'

----MEETING部分 、文章以外的数据，可以直接相加，不需要去重
UNION ALL 
SELECT TP.DCTR_ID
      ,TP.HCP_ID
      ,TP.CONTENT_ID
      ,CMB.TA_TARGET AS CONTENT_TA
      ,TP.VIEW_YYYYMM
      ,CMB.BRAND_TARGET AS BRAND_NAME
      ,TP.SOLUTION
      ,TP.VIEWCNT
      ,NULL BRAND_CNT
	  ,TP.SOURCE_FLAG
FROM RPD_OWNER.FCT_IDCTR_TOUCHPOINT_KPI TP
INNER JOIN COMBINE_BRAND_INFO CMB ON TP.BRAND_NAME=CMB.BRAND_SOURCE AND TP.CONTENT_TA=CMB.TA_SOURCE AND TP.VIEW_YYYYMM>=CMB.START_DATE AND TP.VIEW_YYYYMM<=CMB.END_DATE  
WHERE LOWER(SOURCE_FLAG) IN ('DOCUM DOWNLOAD','O2O ARTICLE VIEW','HSPTL INFO QA DOCTORTA')
),
-----------------------------------------FCT_IDCTR_TOUCHPOINT_KPI
TOUCHPOINT_KPI_FLAG AS (
/*SELECT 'MEETING VIEW'AS SOURCE_FLAG,'# OF MEETING INVITATION CLICKED' AS SUB_CATEGORY1,'2' AS CAT_TYPE FROM DUAL
UNION ALL
*/
SELECT 'MEETING REGISTRATION'AS SOURCE_FLAG,'# OF MEETING E-CHECKED IN' AS SUB_CATEGORY1,'3' AS CAT_TYPE FROM DUAL
UNION ALL
SELECT 'MEETING SHARING'AS SOURCE_FLAG,'# OF MEETING INVITATIONS SENT' AS SUB_CATEGORY1,'8' AS CAT_TYPE FROM DUAL
UNION ALL
SELECT 'ARTICLE VIEW'AS SOURCE_FLAG,'# OF BRAND CONTENT/CONTENT AREA VIEWED' AS SUB_CATEGORY1,'9' AS CAT_TYPE FROM DUAL
UNION ALL
SELECT 'ARTICLE COLLECTION'AS SOURCE_FLAG,'# OF ADD BRAND CONTENT TO FAVORITE' AS SUB_CATEGORY1,'10' AS CAT_TYPE FROM DUAL
UNION ALL
SELECT 'MAGAZINE VIEW'AS SOURCE_FLAG,'# OF E-LIBRARY ARTICLE VIEWED' AS SUB_CATEGORY1, '11' AS CAT_TYPE FROM DUAL
UNION ALL
SELECT 'MAGAZINE DOWNLOAD'AS SOURCE_FLAG,'# OF E-LIBRARY ARTICLE DOWNLOAD' AS SUB_CATEGORY1, '12' AS CAT_TYPE FROM DUAL
UNION ALL
SELECT 'MAGAZINE COLLECTION'AS SOURCE_FLAG,'# OF ADD E-LIBRARY ARTICLE TO FAVORITE' AS SUB_CATEGORY1,'13' AS CAT_TYPE FROM DUAL
UNION ALL
SELECT 'DOCUM DOWNLOAD'AS SOURCE_FLAG,'# OF LITERATURE DOWNLOAD REQUESTED' AS SUB_CATEGORY1,'14' AS CAT_TYPE FROM DUAL
UNION ALL
SELECT 'O2O ARTICLE VIEW'AS SOURCE_FLAG,'# OF ARTICLE VIEWED VIA O2O' AS SUB_CATEGORY1,'21' AS CAT_TYPE FROM DUAL
UNION ALL
SELECT 'HSPTL INFO QA DOCTORTA'AS SOURCE_FLAG,'# OF MEDICAL Q_A USED' AS SUB_CATEGORY1,'15' AS CAT_TYPE FROM DUAL
),
TOUCHPOINT_KPI AS (
SELECT TOUCHPOINT_KPI_CMPMDD.DCTR_ID
      ,TOUCHPOINT_KPI_CMPMDD.HCP_ID
      ,TOUCHPOINT_KPI_CMPMDD.CONTENT_TA
      ,TOUCHPOINT_KPI_CMPMDD.VIEW_YYYYMM  AS YEAR_MONTH
      ,TOUCHPOINT_KPI_CMPMDD.BRAND_NAME
      ,TOUCHPOINT_KPI_CMPMDD.SOLUTION
      ,SUM(TOUCHPOINT_KPI_CMPMDD.VIEWCNT) AS VIEWCNT
      ,NULL AS BRAND_CNT
      ,TOUCHPOINT_KPI_FLAG.SUB_CATEGORY1
      ,TOUCHPOINT_KPI_FLAG.CAT_TYPE
FROM FCT_IDCTR_TOUCHPOINT TOUCHPOINT_KPI_CMPMDD
INNER JOIN TOUCHPOINT_KPI_FLAG ON LOWER(TOUCHPOINT_KPI_CMPMDD.SOURCE_FLAG)= LOWER(TOUCHPOINT_KPI_FLAG.SOURCE_FLAG)
--WHERE TOUCHPOINT_KPI_CMPMDD.VIEW_YYYYMM>=201901
GROUP BY TOUCHPOINT_KPI_CMPMDD.DCTR_ID
        ,TOUCHPOINT_KPI_CMPMDD.HCP_ID
        ,TOUCHPOINT_KPI_CMPMDD.CONTENT_TA
        ,TOUCHPOINT_KPI_CMPMDD.VIEW_YYYYMM
        ,TOUCHPOINT_KPI_CMPMDD.BRAND_NAME
        ,TOUCHPOINT_KPI_CMPMDD.SOLUTION
        ,TOUCHPOINT_KPI_FLAG.SUB_CATEGORY1
        ,TOUCHPOINT_KPI_FLAG.CAT_TYPE
UNION ALL
SELECT TOUCHPOINT_KPI.DCTR_ID
      ,TOUCHPOINT_KPI.HCP_ID
      ,CMB.TA_TARGET AS CONTENT_TA
      ,TOUCHPOINT_KPI.VIEW_YYYYMM AS YEAR_MONTH
      ,CMB.BRAND_TARGET AS BRAND_NAME
      ,TOUCHPOINT_KPI.SOLUTION
      ,SUM(TOUCHPOINT_KPI.VIEWCNT) AS VIEWCNT
      ,NULL AS BRAND_CNT
      ,'# OF QUESTIONS SENT TO MEDINFO TEAM BY SRS' AS SUB_CATEGORY1
      ,'35' AS CAT_TYPE
FROM RPD_OWNER.FCT_IDCTR_TOUCHPOINT_KPI TOUCHPOINT_KPI
INNER JOIN COMBINE_BRAND_INFO CMB ON TOUCHPOINT_KPI.BRAND_NAME=CMB.BRAND_SOURCE AND TOUCHPOINT_KPI.CONTENT_TA=CMB.TA_SOURCE AND TOUCHPOINT_KPI.VIEW_YYYYMM>=CMB.START_DATE AND TOUCHPOINT_KPI.VIEW_YYYYMM<=CMB.END_DATE  
WHERE TOUCHPOINT_KPI.MODULE='代表帮忙提问' 
 AND LOWER(TOUCHPOINT_KPI.SOURCE_FLAG)='HSPTL INFO QA CONTENTTA'
 AND TOUCHPOINT_KPI.CONTENT_TA<>'OTHERS' ----20200611 为了 保持 IDOCTOR TOUCHPOINTS &AMP; WECHAT REP DASHBOARD 一致性，将WECHAT REP指标中TA=OTHERS 数据剔除
 --AND TOUCHPOINT_KPI.VIEW_YYYYMM>=201901
 --AND BRAND_NAME IN ('CYMBALTA CMP','CYMBALTA MDD')
GROUP BY TOUCHPOINT_KPI.DCTR_ID
        ,TOUCHPOINT_KPI.HCP_ID
        ,CMB.TA_TARGET
        ,TOUCHPOINT_KPI.VIEW_YYYYMM
        ,CMB.BRAND_TARGET
        ,TOUCHPOINT_KPI.SOLUTION
UNION ALL
SELECT TOUCHPOINT_KPI.DCTR_ID
      ,TOUCHPOINT_KPI.HCP_ID
      ,TOUCHPOINT_KPI.CONTENT_TA
      ,TOUCHPOINT_KPI.VIEW_YYYYMM AS YEAR_MONTH
      ,TOUCHPOINT_KPI.BRAND_NAME
      ,TOUCHPOINT_KPI.SOLUTION
      ,SUM(TOUCHPOINT_KPI.VIEWCNT) AS VIEWCNT
      ,NULL AS BRAND_CNT
      ,'# OF MEETING INVITATION CLICKED'  AS SUB_CATEGORY1
      ,'2' AS CAT_TYPE
FROM TOUCHPOINT_MEETING TOUCHPOINT_KPI
WHERE NOT EXISTS ( ----剔除正常会议中的部分
                SELECT 1 
                FROM RPD_OWNER.FCT_IDCTR_WECHAT_REP WECHAT 
                WHERE WECHAT.MSG_TYPE='MEETING' 
                AND WECHAT.DCTR_ID             =TOUCHPOINT_KPI.DCTR_ID 
                AND WECHAT.CONTENT_OR_MEETING_ID=TOUCHPOINT_KPI.CONTENT_ID
        )     
--AND TOUCHPOINT_KPI.VIEW_YYYYMM>=201901		
GROUP BY TOUCHPOINT_KPI.DCTR_ID
        ,TOUCHPOINT_KPI.HCP_ID
        ,TOUCHPOINT_KPI.CONTENT_TA
        ,TOUCHPOINT_KPI.VIEW_YYYYMM
        ,TOUCHPOINT_KPI.BRAND_NAME  
        ,TOUCHPOINT_KPI.SOLUTION  		
),
FCT_WECHAT_BY_REP AS (
----文章部分  'TA BRAND MAPPING' 拆分 ，因为这部分数据相当于是将源数据翻倍处理，所以这里的去重可以直接除以2
SELECT WECHAT.DCTR_ID
      ,WECHAT.HCP_ID
      ,CMB.TA_TARGET AS CONTENT_TA
      ,SUBSTR(WECHAT.SEND_TIME,1,6)  AS YEAR_MONTH
      ,CMB.BRAND_TARGET AS BRAND_NAME
      ,WECHAT.SOLUTION
      ,WECHAT.VIEWCNT/CMB.CNT AS VIEWCNT
      ,NULL BRAND_CNT
      ,WECHAT.MSG_TYPE 
      ,WECHAT.SENDER_TYPE
      ,WECHAT.MSG_FLAG	  
FROM RPD_OWNER.FCT_IDCTR_WECHAT_BY_REP WECHAT
INNER JOIN COMBINE_BRAND_INFO CMB ON WECHAT.BRAND_NAME=CMB.BRAND_SOURCE AND WECHAT.NEW_TA=CMB.TA_SOURCE AND SUBSTR(WECHAT.SEND_TIME,1,6)>=CMB.START_DATE AND SUBSTR(WECHAT.SEND_TIME,1,6)<=CMB.END_DATE
WHERE LOWER(WECHAT.MSG_TYPE)='CONTENTAREA'
AND WECHAT.SPLIT_FLAG='TA BRAND MAPPING'

UNION ALL

SELECT WECHAT.DCTR_ID
      ,WECHAT.HCP_ID
      ,CMB.TA_TARGET AS CONTENT_TA
      ,SUBSTR(WECHAT.SEND_TIME,1,6)  AS YEAR_MONTH
      ,CMB.BRAND_TARGET AS BRAND_NAME
      ,WECHAT.SOLUTION
      ,WECHAT.VIEWCNT
      ,NULL BRAND_CNT
      ,WECHAT.MSG_TYPE
      ,WECHAT.SENDER_TYPE	  
      ,WECHAT.MSG_FLAG	  
FROM RPD_OWNER.FCT_IDCTR_WECHAT_BY_REP WECHAT
INNER JOIN COMBINE_BRAND_INFO CMB ON WECHAT.BRAND_NAME=CMB.BRAND_SOURCE AND WECHAT.NEW_TA=CMB.TA_SOURCE AND SUBSTR(WECHAT.SEND_TIME,1,6)>=CMB.START_DATE AND SUBSTR(WECHAT.SEND_TIME,1,6)<=CMB.END_DATE
WHERE LOWER(WECHAT.MSG_TYPE)='CONTENTAREA'
AND WECHAT.SPLIT_FLAG<>'TA BRAND MAPPING'

UNION ALL
----MEETING部分  'TA BRAND MAPPING' 拆分 ，因为这部分数据相当于是将源数据翻倍处理，所以这里的去重可以直接除以合并BRAND数
SELECT WECHAT.DCTR_ID
      ,WECHAT.HCP_ID
      ,CMB.TA_TARGET AS CONTENT_TA
      ,SUBSTR(WECHAT.SEND_TIME,1,6)  AS YEAR_MONTH
      ,CMB.BRAND_TARGET AS BRAND_NAME
      ,WECHAT.SOLUTION
      ,WECHAT.VIEWCNT/CMB.CNT AS VIEWCNT
      ,NULL BRAND_CNT
      ,WECHAT.MSG_TYPE
      ,WECHAT.SENDER_TYPE	  
      ,WECHAT.MSG_FLAG	  
FROM RPD_OWNER.FCT_IDCTR_WECHAT_BY_REP WECHAT
INNER JOIN COMBINE_BRAND_INFO CMB ON WECHAT.BRAND_NAME=CMB.BRAND_SOURCE AND WECHAT.NEW_TA=CMB.TA_SOURCE AND SUBSTR(WECHAT.SEND_TIME,1,6)>=CMB.START_DATE AND SUBSTR(WECHAT.SEND_TIME,1,6)<=CMB.END_DATE
WHERE LOWER(WECHAT.MSG_TYPE) = 'MEETING'
AND WECHAT.SPLIT_FLAG='TA BRAND MAPPING'

----MEETING部分  对于一些同时选取了合并品牌的会议需要去重，只包含了单个合并品牌中的某一个同样要统计到合并品牌中
UNION ALL
SELECT WECHAT.DCTR_ID
      ,WECHAT.HCP_ID
      ,CMB.TA_TARGET AS CONTENT_TA
      ,SUBSTR(WECHAT.SEND_TIME,1,6)  AS YEAR_MONTH
      ,CMB.BRAND_TARGET AS BRAND_NAME
      ,WECHAT.SOLUTION
      ,WECHAT.VIEWCNT/CMB.CNT AS VIEWCNT
      ,NULL BRAND_CNT
      ,WECHAT.MSG_TYPE
      ,WECHAT.SENDER_TYPE	  
      ,WECHAT.MSG_FLAG	  
FROM RPD_OWNER.FCT_IDCTR_WECHAT_BY_REP WECHAT
INNER JOIN MEETING_COMBINE_BRAND CMB ON WECHAT.CONTENT_OR_MEETING_ID=CMB.MEETING_CODE AND WECHAT.NEW_TA=CMB.TA_SOURCE  AND WECHAT.BRAND_NAME=CMB.BRAND_SOURCE 
WHERE LOWER(WECHAT.MSG_TYPE) ='MEETING'
AND WECHAT.SPLIT_FLAG<>'TA BRAND MAPPING'
----MEETING部分 、文章以外的数据，可以直接相加，不需要去重
UNION ALL 
SELECT WECHAT.DCTR_ID
      ,WECHAT.HCP_ID
      ,CMB.TA_TARGET AS CONTENT_TA
      ,SUBSTR(WECHAT.SEND_TIME,1,6)  AS YEAR_MONTH
      ,CMB.BRAND_TARGET AS BRAND_NAME
      ,WECHAT.SOLUTION
      ,WECHAT.VIEWCNT
      ,NULL BRAND_CNT
      ,WECHAT.MSG_TYPE
      ,WECHAT.SENDER_TYPE	  
      ,WECHAT.MSG_FLAG	  
FROM RPD_OWNER.FCT_IDCTR_WECHAT_BY_REP WECHAT
INNER JOIN COMBINE_BRAND_INFO CMB ON WECHAT.BRAND_NAME=CMB.BRAND_SOURCE AND WECHAT.NEW_TA=CMB.TA_SOURCE AND SUBSTR(WECHAT.SEND_TIME,1,6)>=CMB.START_DATE AND SUBSTR(WECHAT.SEND_TIME,1,6)<=CMB.END_DATE
WHERE LOWER(WECHAT.MSG_TYPE) IN ('TEXT','IMAGE')
),
FCT_WECHAT_REP AS (
----文章部分  'TA BRAND MAPPING' 拆分 ，因为这部分数据相当于是将源数据翻倍处理，所以这里的去重可以直接除以合并品牌数
SELECT WECHAT.DCTR_ID
      ,WECHAT.HCP_ID
      ,CMB.TA_TARGET AS CONTENT_TA
      ,SUBSTR(WECHAT.VIEW_TIME,1,6)  AS YEAR_MONTH
      ,CMB.BRAND_TARGET AS BRAND_NAME
      ,WECHAT.SOLUTION
      ,WECHAT.VIEWCNT/CMB.CNT AS VIEWCNT
      ,NULL BRAND_CNT
      ,WECHAT.MSG_TYPE 
      ,WECHAT.SENDER_TYPE
      ,WECHAT.MSG_FLAG	  
      ,WECHAT.ISDCTR_READED_FLAG	  
FROM RPD_OWNER.FCT_IDCTR_WECHAT_REP WECHAT
INNER JOIN COMBINE_BRAND_INFO_WECHAT CMB ON WECHAT.BRAND_NAME=CMB.BRAND_SOURCE AND WECHAT.NEW_TA=CMB.TA_SOURCE AND SUBSTR(WECHAT.VIEW_TIME,1,6)>=CMB.START_DATE AND SUBSTR(WECHAT.VIEW_TIME,1,6)<=CMB.END_DATE
WHERE LOWER(WECHAT.MSG_TYPE)='CONTENTAREA'
AND WECHAT.SPLIT_FLAG='TA BRAND MAPPING'

UNION ALL

SELECT WECHAT.DCTR_ID
      ,WECHAT.HCP_ID
      ,CMB.TA_TARGET AS CONTENT_TA
      ,SUBSTR(WECHAT.VIEW_TIME,1,6)  AS YEAR_MONTH
      ,CMB.BRAND_TARGET AS BRAND_NAME
      ,WECHAT.SOLUTION
      ,WECHAT.VIEWCNT
      ,NULL BRAND_CNT
      ,WECHAT.MSG_TYPE
      ,WECHAT.SENDER_TYPE	  
      ,WECHAT.MSG_FLAG	  
      ,WECHAT.ISDCTR_READED_FLAG	  
FROM RPD_OWNER.FCT_IDCTR_WECHAT_REP WECHAT
INNER JOIN COMBINE_BRAND_INFO_WECHAT CMB ON WECHAT.BRAND_NAME=CMB.BRAND_SOURCE AND WECHAT.NEW_TA=CMB.TA_SOURCE AND SUBSTR(WECHAT.VIEW_TIME,1,6)>=CMB.START_DATE AND SUBSTR(WECHAT.VIEW_TIME,1,6)<=CMB.END_DATE
WHERE LOWER(WECHAT.MSG_TYPE)='CONTENTAREA'
AND WECHAT.SPLIT_FLAG<>'TA BRAND MAPPING'

UNION ALL
----MEETING部分  'TA BRAND MAPPING' 拆分 ，因为这部分数据相当于是将源数据翻倍处理，所以这里的去重可以直接除以对应的合并品牌数
SELECT WECHAT.DCTR_ID
      ,WECHAT.HCP_ID
      ,CMB.TA_TARGET AS CONTENT_TA
      ,SUBSTR(WECHAT.VIEW_TIME,1,6)  AS YEAR_MONTH
      ,CMB.BRAND_TARGET AS BRAND_NAME
      ,WECHAT.SOLUTION
      ,WECHAT.VIEWCNT/CMB.CNT AS VIEWCNT
      ,NULL BRAND_CNT
      ,WECHAT.MSG_TYPE
      ,WECHAT.SENDER_TYPE	  
      ,WECHAT.MSG_FLAG	  
      ,WECHAT.ISDCTR_READED_FLAG	  
FROM RPD_OWNER.FCT_IDCTR_WECHAT_REP WECHAT
INNER JOIN COMBINE_BRAND_INFO_WECHAT CMB ON WECHAT.BRAND_NAME=CMB.BRAND_SOURCE AND WECHAT.NEW_TA=CMB.TA_SOURCE AND SUBSTR(WECHAT.VIEW_TIME,1,6)>=CMB.START_DATE AND SUBSTR(WECHAT.VIEW_TIME,1,6)<=CMB.END_DATE 
WHERE LOWER(WECHAT.MSG_TYPE) = 'MEETING'
AND WECHAT.SPLIT_FLAG='TA BRAND MAPPING'

----MEETING部分  对于一些同时选取了合并品牌的会议需要去重，只包含了单个合并品牌中的某一个同样要统计到合并品牌中
UNION ALL
SELECT WECHAT.DCTR_ID
      ,WECHAT.HCP_ID
      ,CMB.TA_TARGET AS CONTENT_TA
      ,SUBSTR(WECHAT.VIEW_TIME,1,6)  AS YEAR_MONTH
      ,CMB.BRAND_TARGET AS BRAND_NAME
      ,WECHAT.SOLUTION
      ,WECHAT.VIEWCNT/CMB.CNT AS VIEWCNT 
      ,NULL BRAND_CNT
      ,WECHAT.MSG_TYPE
      ,WECHAT.SENDER_TYPE	  
      ,WECHAT.MSG_FLAG	  
      ,WECHAT.ISDCTR_READED_FLAG	  
FROM RPD_OWNER.FCT_IDCTR_WECHAT_REP WECHAT
INNER JOIN MEETING_COMBINE_BRAND_WECHAT CMB ON WECHAT.CONTENT_OR_MEETING_ID=CMB.MEETING_CODE AND WECHAT.NEW_TA=CMB.TA_SOURCE  AND WECHAT.BRAND_NAME=CMB.BRAND_SOURCE 
WHERE LOWER(WECHAT.MSG_TYPE) ='MEETING'
AND WECHAT.SPLIT_FLAG<>'TA BRAND MAPPING'
----MEETING部分 、文章以外的数据，可以直接相加，不需要去重
UNION ALL 
SELECT WECHAT.DCTR_ID
      ,WECHAT.HCP_ID
      ,CMB.TA_TARGET AS CONTENT_TA
      ,SUBSTR(WECHAT.VIEW_TIME,1,6)  AS YEAR_MONTH
      ,CMB.BRAND_TARGET AS BRAND_NAME
      ,WECHAT.SOLUTION
      ,WECHAT.VIEWCNT
      ,NULL BRAND_CNT
      ,WECHAT.MSG_TYPE
      ,WECHAT.SENDER_TYPE	  
      ,WECHAT.MSG_FLAG	  
      ,WECHAT.ISDCTR_READED_FLAG
FROM RPD_OWNER.FCT_IDCTR_WECHAT_REP WECHAT
INNER JOIN COMBINE_BRAND_INFO_WECHAT CMB ON WECHAT.BRAND_NAME=CMB.BRAND_SOURCE AND WECHAT.NEW_TA=CMB.TA_SOURCE AND SUBSTR(WECHAT.VIEW_TIME,1,6)>=CMB.START_DATE AND SUBSTR(WECHAT.VIEW_TIME,1,6)<=CMB.END_DATE  
WHERE LOWER(WECHAT.MSG_TYPE) IN ('TEXT','IMAGE')
),
-----------------------------------------FCT_IDCTR_WECHAT_REP   ISDCTR_READED_FLAG=-999 表示没有限制
WECHAT_REP_FLAG AS (
SELECT 'SR' AS SENDER_TYPE,'CONTENTAREA' AS MSG_TYPE,'# OF CONTENT SENT BY SRS' AS SUB_CATEGORY1,'25' AS CAT_TYPE,'-999' AS ISDCTR_READED_FLAG,'SEND' AS MSG_FLAG FROM DUAL
UNION ALL
SELECT 'SR' AS SENDER_TYPE,'CONTENTAREA' AS MSG_TYPE,'# OF CONTENT READ BY HCPS' AS SUB_CATEGORY1,'26' AS CAT_TYPE,'1'  AS ISDCTR_READED_FLAG,'OPENED' AS MSG_FLAG  FROM DUAL
UNION ALL
SELECT 'SR' AS SENDER_TYPE,'MEETING' AS MSG_TYPE,'# OF MEETINGS SENT BY SRS' AS SUB_CATEGORY1,'27' AS CAT_TYPE,'-999'  AS ISDCTR_READED_FLAG,'SEND' AS MSG_FLAG  FROM DUAL
UNION ALL
SELECT 'SR' AS SENDER_TYPE,'MEETING' AS MSG_TYPE,'# OF MEETINGS READ BY HCPS' AS SUB_CATEGORY1,'28' AS CAT_TYPE,'1'  AS ISDCTR_READED_FLAG,'OPENED' AS MSG_FLAG  FROM DUAL
UNION ALL
SELECT 'SR' AS SENDER_TYPE,'TEXT' AS MSG_TYPE,'# OF TEXT SENT BY SRS' AS SUB_CATEGORY1,'29' AS CAT_TYPE,'-999'  AS ISDCTR_READED_FLAG,'SEND' AS MSG_FLAG  FROM DUAL
UNION ALL
SELECT 'SR' AS SENDER_TYPE,'TEXT' AS MSG_TYPE,'# OF TEXT READ BY HCPS' AS SUB_CATEGORY1,'30' AS CAT_TYPE,'1'  AS ISDCTR_READED_FLAG,'OPENED' AS MSG_FLAG  FROM DUAL
UNION ALL
SELECT 'SR' AS SENDER_TYPE,'IMAGE' AS MSG_TYPE,'# OF PICTURES SENT BY SRS' AS SUB_CATEGORY1,'32' AS CAT_TYPE,'-999' AS ISDCTR_READED_FLAG,'SEND' AS MSG_FLAG  FROM DUAL
UNION ALL
SELECT 'SR' AS SENDER_TYPE,'IMAGE' AS MSG_TYPE,'# OF PICTURES READ BY HCPS' AS SUB_CATEGORY1,'33' AS CAT_TYPE,'1' AS ISDCTR_READED_FLAG,'OPENED' AS MSG_FLAG  FROM DUAL
/*  20200819 31、34因为要与WECHAT DASHBOARD 报表保持一致，所以调整 'OPENED' AS MSG_FLAG 按照VIEWTIME 统计
UNION ALL
SELECT 'HCP' AS SENDER_TYPE,'TEXT' AS MSG_TYPE,'# OF TEXT SENT BY HCPS' AS SUB_CATEGORY1,'31' AS CAT_TYPE,'-999' AS ISDCTR_READED_FLAG,'SEND' AS MSG_FLAG  FROM DUAL
UNION ALL
SELECT 'HCP' AS SENDER_TYPE,'IMAGE' AS MSG_TYPE,'# OF PICTURES SENT BY HCPS' AS SUB_CATEGORY1,'34' AS CAT_TYPE,'-999' AS ISDCTR_READED_FLAG,'SEND' AS MSG_FLAG  FROM DUAL
*/
),
WECHAT_REP AS (
SELECT WECHAT.DCTR_ID
      ,WECHAT.HCP_ID
      ,WECHAT.CONTENT_TA
      ,WECHAT.YEAR_MONTH
      ,WECHAT.BRAND_NAME
      ,WECHAT.SOLUTION
      ,SUM(WECHAT.VIEWCNT)   AS VIEWCNT
      --,SUM(CASE WHEN  LOWER(WECHAT.MSG_TYPE) IN ('IMAGE' ,'TEXT') THEN WECHAT.VIEWCNT ELSE WECHAT.VIEWCNT/DECODE(WECHAT.BRAND_CNT,NULL,1,0,1,WECHAT.BRAND_CNT) END) AS BRAND_CNT
      ,NULL AS BRAND_CNT
      ,WECHAT_FLAG.SUB_CATEGORY1
      ,WECHAT_FLAG.CAT_TYPE
FROM FCT_WECHAT_BY_REP WECHAT ----20190924 因为部分指标使用SEND TIME为维度，需要用SENDTIME 拆分 BRAND，所以替换数据表
INNER JOIN WECHAT_REP_FLAG WECHAT_FLAG
         ON LOWER(WECHAT.SENDER_TYPE) = LOWER(WECHAT_FLAG.SENDER_TYPE)
         AND LOWER(WECHAT.MSG_TYPE) = LOWER(WECHAT_FLAG.MSG_TYPE)
         AND '-999'=WECHAT_FLAG.ISDCTR_READED_FLAG
         AND LOWER(WECHAT.MSG_FLAG)=LOWER(WECHAT_FLAG.MSG_FLAG) ----20191122 增加FLAG区分VIEW TIME和SEND TIME判断
WHERE WECHAT.CONTENT_TA<>'OTHERS' ----20200526 为了 保持 IDOCTOR TOUCHPOINTS &AMP; WECHAT REP DASHBOARD 一致性，将WECHAT REP指标中TA=OTHERS 数据剔除
--AND WECHAT.YEAR_MONTH>='201901'
GROUP BY WECHAT.DCTR_ID
        ,WECHAT.HCP_ID
        ,WECHAT.CONTENT_TA
        ,WECHAT.YEAR_MONTH
        ,WECHAT.BRAND_NAME
        ,WECHAT.SOLUTION
        ,WECHAT_FLAG.SUB_CATEGORY1
        ,WECHAT_FLAG.CAT_TYPE
UNION ALL
SELECT WECHAT.DCTR_ID
      ,WECHAT.HCP_ID
      ,WECHAT.CONTENT_TA
      ,WECHAT.YEAR_MONTH
      ,WECHAT.BRAND_NAME
      ,WECHAT.SOLUTION
      ,SUM(WECHAT.VIEWCNT)   AS VIEWCNT
      --,SUM(CASE WHEN  LOWER(WECHAT.MSG_TYPE) IN ('IMAGE' ,'TEXT') THEN WECHAT.VIEWCNT ELSE WECHAT.VIEWCNT/DECODE(WECHAT.BRAND_CNT,NULL,1,0,1,WECHAT.BRAND_CNT) END) AS BRAND_CNT
      ,NULL AS BRAND_CNT	  
      ,WECHAT_FLAG.SUB_CATEGORY1
      ,WECHAT_FLAG.CAT_TYPE
FROM FCT_WECHAT_REP WECHAT 
INNER JOIN WECHAT_REP_FLAG WECHAT_FLAG
         ON LOWER(WECHAT.SENDER_TYPE) = LOWER(WECHAT_FLAG.SENDER_TYPE)
         AND LOWER(WECHAT.MSG_TYPE) = LOWER(WECHAT_FLAG.MSG_TYPE)
         AND TO_CHAR(WECHAT.ISDCTR_READED_FLAG)=WECHAT_FLAG.ISDCTR_READED_FLAG
         AND LOWER(WECHAT.MSG_FLAG)=LOWER(WECHAT_FLAG.MSG_FLAG)
WHERE WECHAT.CONTENT_TA<>'OTHERS' ----20200526 为了 保持 IDOCTOR TOUCHPOINTS &AMP; WECHAT REP DASHBOARD 一致性，将WECHAT REP指标中TA=OTHERS 数据剔除     
AND WECHAT.ISDCTR_READED_FLAG=1
--AND WECHAT.YEAR_MONTH>='201901'
GROUP BY WECHAT.DCTR_ID
        ,WECHAT.HCP_ID
        ,WECHAT.CONTENT_TA
        ,WECHAT.YEAR_MONTH
        ,WECHAT.BRAND_NAME
        ,WECHAT.SOLUTION
        ,WECHAT_FLAG.SUB_CATEGORY1
        ,WECHAT_FLAG.CAT_TYPE
/* 20191125 因为31、34改成SEND_TIME因此不需要特殊处理，合并到临时表 WECHAT_REP_FLAG 一同处理
   20200819 31、34因为要与WECHAT报表保持一致，所以调整 'OPENED' AS MSG_FLAG 按照VIEWTIME 统计
*/
UNION ALL
------31  34 
SELECT WECHAT.DCTR_ID
      ,WECHAT.HCP_ID
      ,WECHAT.CONTENT_TA
      ,WECHAT.YEAR_MONTH 
      ,WECHAT.BRAND_NAME
      ,WECHAT.SOLUTION
      ,SUM(WECHAT.VIEWCNT) AS VIEWCNT
      --,SUM(WECHAT.VIEWCNT) AS BRAND_CNT
      ,NULL AS BRAND_CNT	  
      ,WECHAT_FLAG.SUB_CATEGORY1
      ,WECHAT_FLAG.CAT_TYPE
FROM FCT_WECHAT_REP WECHAT  
INNER JOIN (
            SELECT 'HCP' AS SENDER_TYPE,'TEXT' AS MSG_TYPE,'# OF TEXT SENT BY HCPS' AS SUB_CATEGORY1,'31' AS CAT_TYPE,'OPENED' AS MSG_FLAG  FROM DUAL
            UNION ALL
            SELECT 'HCP' AS SENDER_TYPE,'IMAGE' AS MSG_TYPE,'# OF PICTURES SENT BY HCPS' AS SUB_CATEGORY1,'34' AS CAT_TYPE,'OPENED' AS MSG_FLAG  FROM DUAL
           ) WECHAT_FLAG 
         ON LOWER(WECHAT.SENDER_TYPE) =LOWER(WECHAT_FLAG.SENDER_TYPE) 
         AND LOWER(WECHAT.MSG_TYPE) = LOWER(WECHAT_FLAG.MSG_TYPE)      
         AND LOWER(WECHAT.MSG_FLAG) = LOWER(WECHAT_FLAG.MSG_FLAG)   
--WHERE WECHAT.YEAR_MONTH>='201901'	 
GROUP BY WECHAT.DCTR_ID
         ,WECHAT.HCP_ID
         ,WECHAT.CONTENT_TA
         ,WECHAT.YEAR_MONTH 
         ,WECHAT.BRAND_NAME
         ,WECHAT.SOLUTION
         ,WECHAT_FLAG.SUB_CATEGORY1
         ,WECHAT_FLAG.CAT_TYPE   
UNION ALL 
------36
SELECT 
       T.DCTR_ID
      ,T.HCP_ID
      ,T.CONTENT_TA
      ,T.YEAR_MONTH
      ,T.BRAND_NAME
      ,'OTHERS' AS SOLUTION
      ,SUM(T.VIEWCNT)     AS VIEWCNT
      --,SUM(T.VIEWCNT/DECODE(T.CNT,0,1,NULL,1,CNT)) AS BRAND_CNT
      ,NULL AS BRAND_CNT	  
      ,'# OF DOCTORS WHO RESPONDED' AS SUB_CATEGORY1
      ,'36' AS CAT_TYPE
FROM (
       SELECT DISTINCT 
               WECHAT.DCTR_ID
              ,WECHAT.HCP_ID
              ,1 AS VIEWCNT
        ----20191125 增加MSG_FLAG条件,SENDER_TYPE='HCP' AND MSG_TYPE IN('IMAGE','TEXT')的用SEND_TIME，其他还用原先VIEW_TIME
              ,WECHAT.YEAR_MONTH
              ,WECHAT.CONTENT_TA
              ,WECHAT.BRAND_NAME
              --,COUNT(DISTINCT WECHAT.BRAND_NAME) OVER (PARTITION BY SUBSTR(WECHAT.YEAR_MONTH, 1, 6),WECHAT.CONTENT_TA,WECHAT.DCTR_ID) AS CNT
       FROM FCT_WECHAT_REP WECHAT
       WHERE WECHAT.VIEWCNT<>0  ----权重等于0的不进行统计  
       AND LOWER(WECHAT.MSG_TYPE) IN ('CONTENTAREA','MEETING','TEXT','IMAGE')
       AND WECHAT.SENDER_TYPE='SR' 
       AND WECHAT.ISDCTR_READED_FLAG='1'  
       AND LOWER(WECHAT.MSG_FLAG)='OPENED'  
       AND WECHAT.CONTENT_TA<>'OTHERS' ----20200526 为了 保持 IDOCTOR TOUCHPOINTS &AMP; WECHAT REP DASHBOARD 一致性，将WECHAT REP指标中TA=OTHERS 数据剔除
       --AND WECHAT.YEAR_MONTH>=201901
----20191125 增加MSG_FLAG条件,SENDER_TYPE='HCP' AND MSG_TYPE IN('IMAGE','TEXT')的用SEND_TIME，并且改用替换数据表，用BY_REP表，其他还用原先VIEW_TIME 
       UNION
       SELECT DISTINCT 
               WECHAT.DCTR_ID
              ,WECHAT.HCP_ID
              ,1 AS VIEWCNT
              ,WECHAT.YEAR_MONTH
              ,WECHAT.CONTENT_TA
              ,WECHAT.BRAND_NAME
              --,COUNT(DISTINCT WECHAT.BRAND_NAME) OVER (PARTITION BY SUBSTR(WECHAT.YEAR_MONTH,1,6),WECHAT.CONTENT_TA,WECHAT.DCTR_ID) AS CNT
       FROM FCT_WECHAT_BY_REP WECHAT
       WHERE WECHAT.VIEWCNT<>0  ----权重等于0的不进行统计
       AND WECHAT.SENDER_TYPE='HCP' 
       AND LOWER(WECHAT.MSG_TYPE) IN ('TEXT','IMAGE')
       AND LOWER(WECHAT.MSG_FLAG)='SEND'     
       AND WECHAT.CONTENT_TA<>'OTHERS' ----20200526 为了 保持 IDOCTOR TOUCHPOINTS &AMP; WECHAT REP DASHBOARD 一致性，将WECHAT REP指标中TA=OTHERS 数据剔除    
       --AND WECHAT.YEAR_MONTH>=201901	   
      ) T
GROUP BY  T.DCTR_ID
         ,T.HCP_ID
         ,T.CONTENT_TA
         ,T.YEAR_MONTH
         ,T.BRAND_NAME
             
),
-----------------------------------------FCT_IDCTR_MANUAL_KPI
MANUAL_KPI_FLAG AS (
SELECT 'MEETING VOTE'AS SOURCE_FLAG,'# OF POLLING JOINED' AS SUB_CATEGORY1, '4' AS CAT_TYPE FROM DUAL
UNION ALL
SELECT 'MEETING FAQS'AS SOURCE_FLAG,'# OF Q_A JOINED' AS SUB_CATEGORY1, '5' AS CAT_TYPE FROM DUAL
UNION ALL
SELECT 'MEETING INFO'AS SOURCE_FLAG,'# OF MEETINGS' AS SUB_CATEGORY1, '7' AS CAT_TYPE FROM DUAL
UNION ALL
SELECT 'EP2P ACCESS CNT'AS SOURCE_FLAG,'# OF TIMES HCPS PARTICIPATED IN EP2P' AS SUB_CATEGORY1, '22' AS CAT_TYPE FROM DUAL
),
MANUAL_KPI AS (
SELECT NULL AS DCTR_ID
      ,NULL AS HCP_ID
      ,MANUAL_KPI.TA     AS CONTENT_TA
      ,MANUAL_KPI.YYYYMM AS YEAR_MONTH
      ,MANUAL_KPI.BRAND_NAME
      ,'OTHERS' AS SOLUTION
      ,SUM(MANUAL_KPI.VALUE) AS VIEWCNT
      ,SUM(MANUAL_KPI.VALUE/CASE WHEN MANUAL_KPI_FLAG.CAT_TYPE IN ('7','22') THEN DECODE(BRAND_CNT,0,1,NULL,1,BRAND_CNT) ELSE 1 END ) AS BRAND_CNT
      ,MANUAL_KPI_FLAG.SUB_CATEGORY1
      ,MANUAL_KPI_FLAG.CAT_TYPE
FROM RPD_OWNER.FCT_IDCTR_MANUAL_KPI MANUAL_KPI
INNER JOIN MANUAL_KPI_FLAG ON LOWER(MANUAL_KPI.SOURCE_FLAG)=LOWER(MANUAL_KPI_FLAG.SOURCE_FLAG)
WHERE MANUAL_KPI.BRAND_NAME IN ('CYMBALTA CMP AND MDD','GEMZAR,ALIMTA','PROZAC,ZYPREXA,CYMBALTA') ---MANUAL_KPI表中没有明细数据，所以表中已经计算好了，直接使用就行
GROUP BY MANUAL_KPI.TA
        ,MANUAL_KPI.YYYYMM
        ,MANUAL_KPI.BRAND_NAME
        ,MANUAL_KPI_FLAG.SUB_CATEGORY1
        ,MANUAL_KPI_FLAG.CAT_TYPE
),
CSS_JOINED AS (
--6. # OF CSS JOINED   礼医支持的会议中CSS参与人次
SELECT  NULL AS DCTR_ID
       ,NULL AS HCP_ID
       ,CONTENT_TA
       ,YEAR_MONTH
       ,BRAND_NAME
       ,SOLUTION
       ,SUM(VIEWCNT) AS VIEWCNT
       ,NULL AS BRAND_CNT
       ,'# OF CSS JOINED' AS SUB_CATEGORY1
       ,'6'               AS CAT_TYPE
FROM (
          SELECT A.MEETING_ID,
                 SUBSTR(TO_CHAR(A.YYYYMM), 1, 6) AS YEAR_MONTH,
                 B.TA_NAME AS CONTENT_TA, 
                 B.PROUDCT_CATEGORY_NAME_EN AS BRAND_NAME,
                 NVL(D.TEXT,'OTHERS') AS SOLUTION,
                 SURVEY.VIEWCNT,
                 NULL AS CNT
          FROM RPD_OWNER.STG_IDOCTOR_MEETING_INFO A
          INNER JOIN (
                        SELECT YYYYMM
                              ,TA_NAME
                              ,MEETING_CODE
                              ,COUNT(*) AS VIEWCNT
                        FROM RPD_OWNER.FCT_CST_SURVEY
                        WHERE QUESTION_ID='Q1'
                        GROUP BY YYYYMM,TA_NAME, MEETING_CODE
                      ) SURVEY
              ON A.MEETING_ID = SURVEY.MEETING_CODE
          INNER JOIN (
                      SELECT DISTINCT MEETING_CODE,
                             TA_TARGET AS TA_NAME,
                             BRAND_TARGET AS PROUDCT_CATEGORY_NAME_EN
                      FROM MEETING_COMBINE_BRAND
				     ) B ON A.MEETING_ID=B.MEETING_CODE
          LEFT JOIN RPD_OWNER.FCT_CST_MEETING D ON TRIM(A.MEETING_ID)=TRIM(D.MEETING_CODE) 
     )
GROUP BY CONTENT_TA
        ,YEAR_MONTH
        ,BRAND_NAME  
        ,SOLUTION   
),
GRAPHIC_PUSH AS (
-----------------------------------------FCT_IDCTR_GRAPHIC_PUSH
SELECT NULL AS DCTR_ID
      ,NULL AS HCP_ID
      ,CMB.TA_TARGET    AS CONTENT_TA
      ,GRAPHIC_PUSH.YYYYMM AS YEAR_MONTH
      ,CMB.BRAND_TARGET AS BRAND_NAME
      ,GRAPHIC_PUSH.SOLUTION
      ,SUM(GRAPHIC_PUSH.VIEW_TIMES)  AS VIEWCNT
      --,SUM(GRAPHIC_PUSH.VIEW_TIMES/DECODE(BRAND_CNT,0,1,NULL,1,BRAND_CNT))  AS BRAND_CNT
	  ,NULL AS BRAND_CNT ----因为是合并的BRAND，只需要计算BRAND ，TA不计算
      ,'# OF ARTICLE MESSAGE VIEWED' AS SUB_CATEGORY1
      ,'17' AS CAT_TYPE
FROM RPD_OWNER.FCT_IDCTR_GRAPHIC_PUSH GRAPHIC_PUSH
INNER JOIN COMBINE_BRAND_INFO CMB ON GRAPHIC_PUSH.BRAND_NAME=CMB.BRAND_SOURCE AND GRAPHIC_PUSH.TA=CMB.TA_SOURCE AND GRAPHIC_PUSH.YYYYMM>=CMB.START_DATE AND GRAPHIC_PUSH.YYYYMM<=CMB.END_DATE
GROUP BY  CMB.TA_TARGET
      ,GRAPHIC_PUSH.YYYYMM
      ,CMB.BRAND_TARGET
      ,GRAPHIC_PUSH.SOLUTION
UNION ALL
SELECT NULL AS DCTR_ID
      ,NULL AS HCP_ID
      ,CMB.TA_TARGET     AS CONTENT_TA
      ,GRAPHIC_PUSH.YYYYMM AS YEAR_MONTH
      ,CMB.BRAND_TARGET AS BRAND_NAME
      ,GRAPHIC_PUSH.SOLUTION
      ,SUM(GRAPHIC_PUSH.SHARED_TIMES)  AS VIEWCNT
      --,SUM(GRAPHIC_PUSH.SHARED_TIMES/DECODE(BRAND_CNT,0,1,NULL,1,BRAND_CNT))  AS BRAND_CNT
	  ,NULL AS BRAND_CNT
      ,'# OF ARTICLE MESSAGE SHARED'   AS SUB_CATEGORY1
      ,'18' AS CAT_TYPE
FROM RPD_OWNER.FCT_IDCTR_GRAPHIC_PUSH GRAPHIC_PUSH
INNER JOIN COMBINE_BRAND_INFO CMB ON GRAPHIC_PUSH.BRAND_NAME=CMB.BRAND_SOURCE AND GRAPHIC_PUSH.TA=CMB.TA_SOURCE AND GRAPHIC_PUSH.YYYYMM>=CMB.START_DATE AND GRAPHIC_PUSH.YYYYMM<=CMB.END_DATE                             
GROUP BY  CMB.TA_TARGET
      ,GRAPHIC_PUSH.YYYYMM
      ,CMB.BRAND_TARGET
      ,GRAPHIC_PUSH.SOLUTION
UNION ALL
SELECT NULL AS DCTR_ID
      ,NULL AS HCP_ID
      ,CMB.TA_TARGET     AS CONTENT_TA
      ,GRAPHIC_PUSH.YYYYMM AS YEAR_MONTH
      ,CMB.BRAND_TARGET AS BRAND_NAME
      ,GRAPHIC_PUSH.SOLUTION
      ,SUM(GRAPHIC_PUSH.SAVED_PEOPLE_CNT)    AS VIEWCNT
      --,SUM(GRAPHIC_PUSH.SAVED_PEOPLE_CNT/DECODE(BRAND_CNT,0,1,NULL,1,BRAND_CNT))    AS BRAND_CNT
	  ,NULL AS BRAND_CNT
      ,'# OF ARTICLE MESSAGE SAVED'          AS SUB_CATEGORY1
      ,'19' AS CAT_TYPE
FROM RPD_OWNER.FCT_IDCTR_GRAPHIC_PUSH GRAPHIC_PUSH
INNER JOIN COMBINE_BRAND_INFO CMB ON GRAPHIC_PUSH.BRAND_NAME=CMB.BRAND_SOURCE AND GRAPHIC_PUSH.TA=CMB.TA_SOURCE AND GRAPHIC_PUSH.YYYYMM>=CMB.START_DATE AND GRAPHIC_PUSH.YYYYMM<=CMB.END_DATE                             
GROUP BY  CMB.TA_TARGET
      ,GRAPHIC_PUSH.YYYYMM
      ,CMB.BRAND_TARGET
      ,GRAPHIC_PUSH.SOLUTION
UNION ALL

SELECT NULL AS DCTR_ID
      ,NULL AS HCP_ID
      ,CMB.TA_TARGET AS CONTENT_TA
      ,T.YEAR_MONTH
      ,CMB.BRAND_TARGET AS BRAND_NAME
      ,T.SOLUTION
      ,SUM(T.VIEWCNT) AS VIEWCNT
      --,SUM(T.VIEWCNT/BRAND_CNT) AS BRAND_CNT
	  ,NULL AS BRAND_CNT
      ,'# OF ARTICLE MESSAGE PUSHED' AS SUB_CATEGORY1
      ,'20' AS CAT_TYPE
FROM (
      SELECT DISTINCT
             GRAPHIC_PUSH.TA     AS CONTENT_TA
            ,GRAPHIC_PUSH.YYYYMM AS YEAR_MONTH
            ,GRAPHIC_PUSH.BRAND_NAME
            ,GRAPHIC_PUSH.SOLUTION
            ,GRAPHIC_PUSH.TITLE
            ,COUNT(*) OVER (PARTITION BY GRAPHIC_PUSH.TA,GRAPHIC_PUSH.BRAND_NAME,GRAPHIC_PUSH.YYYYMM,GRAPHIC_PUSH.TITLE) AS VIEWCNT
            ,DECODE(GRAPHIC_PUSH.BRAND_CNT,0,1,NULL,1,GRAPHIC_PUSH.BRAND_CNT) AS BRAND_CNT
      FROM RPD_OWNER.FCT_IDCTR_GRAPHIC_PUSH GRAPHIC_PUSH
      WHERE GRAPHIC_PUSH.YYYYMM>=201901 ----20190929 2019年之后用BRAND 直接获取 TA LEVEL用BRAND_CNT计算
     ) T   
	 INNER JOIN COMBINE_BRAND_INFO CMB ON T.BRAND_NAME=CMB.BRAND_SOURCE AND T.CONTENT_TA=CMB.TA_SOURCE AND T.YEAR_MONTH>=CMB.START_DATE AND T.YEAR_MONTH<=CMB.END_DATE                            
GROUP BY CMB.TA_TARGET
        ,T.YEAR_MONTH
        ,CMB.BRAND_TARGET
        ,T.SOLUTION   
),
CAMPAIGN_TPS AS (
-----------------------------------------STG_SCORECARD_BRAND_ACTUAL
---- 37. # OF CAMPAIGN TPS  活动页面点击人次
--- 2019 年逻辑
SELECT  TO_CHAR (NULL)   AS DCTR_ID
       ,NULL             AS HCP_ID
	   ,CASE WHEN SCORECARD.YYYYMM<=202012 THEN NVL(TA.NEW_TA_NAME, 'OTHERS') ELSE SCORECARD.TA_NAME END AS CONTENT_TA ----20201224 因2021年架构调整，2021年开始要使用新的TA，提供的CSV文件已经是新的TA，可以直接获取
       ,TO_CHAR (SCORECARD.YYYYMM)      AS YEAR_MONTH
       ,CMB.BRAND_TARGET                AS BRAND_NAME
       ,'OTHERS' AS SOLUTION
       ,SUM (SCORECARD.ACTUAL_TOUCHPOINTS)                         AS VIEWCNT
	   ,NULL AS BRAND_CNT
       ,'# OF CAMPAIGN TPS' AS SUB_CATEGORY1
       ,'37' AS CAT_TYPE
FROM RPD_OWNER.STG_SCORECARD_BRAND_ACTUAL_CSV SCORECARD
LEFT JOIN RPD_OWNER.STG_TA_FOR_IDOCTOR TA ON UPPER(SCORECARD.TA_NAME) = UPPER(TA.TA_NAME) --关联STG_TA_FOR_IDOCTOR 表取最新TA
INNER JOIN COMBINE_BRAND_INFO CMB ON SCORECARD.BRAND_NAME=CMB.BRAND_SOURCE AND TA.NEW_TA_NAME=CMB.TA_SOURCE AND SCORECARD.YYYYMM>=CMB.START_DATE AND SCORECARD.YYYYMM<=CMB.END_DATE                            
WHERE  SCORECARD.CATEGORY1 = 'IDOCTOR'
   AND SCORECARD.CATEGORY2 LIKE '%CAMPAIGN%'
   AND SCORECARD.YYYYMM >= '201901'
GROUP BY CASE WHEN SCORECARD.YYYYMM<=202012 THEN NVL(TA.NEW_TA_NAME, 'OTHERS') ELSE SCORECARD.TA_NAME END
        ,TO_CHAR (SCORECARD.YYYYMM)     
        ,CMB.BRAND_TARGET
),
BASE_DATA AS (
SELECT TO_NUMBER(YEAR_MONTH) AS YEAR_MONTH,DCTR_ID,HCP_ID,CONTENT_TA,BRAND_NAME,SOLUTION,SUB_CATEGORY1,CAT_TYPE,VIEWCNT,BRAND_CNT FROM FCT_MEETING
UNION ALL
SELECT TO_NUMBER(YEAR_MONTH) AS YEAR_MONTH,DCTR_ID,HCP_ID,CONTENT_TA,BRAND_NAME,SOLUTION,SUB_CATEGORY1,CAT_TYPE,VIEWCNT,BRAND_CNT FROM TOUCHPOINT_KPI
UNION ALL
SELECT TO_NUMBER(YEAR_MONTH) AS YEAR_MONTH,DCTR_ID,HCP_ID,CONTENT_TA,BRAND_NAME,SOLUTION,SUB_CATEGORY1,CAT_TYPE,VIEWCNT,BRAND_CNT FROM WECHAT_REP
UNION ALL
SELECT TO_NUMBER(YEAR_MONTH) AS YEAR_MONTH,DCTR_ID,HCP_ID,CONTENT_TA,BRAND_NAME,SOLUTION,SUB_CATEGORY1,CAT_TYPE,VIEWCNT,BRAND_CNT FROM MANUAL_KPI
UNION ALL
SELECT TO_NUMBER(YEAR_MONTH) AS YEAR_MONTH,DCTR_ID,HCP_ID,CONTENT_TA,BRAND_NAME,SOLUTION,SUB_CATEGORY1,CAT_TYPE,VIEWCNT,BRAND_CNT FROM CSS_JOINED
UNION ALL
SELECT TO_NUMBER(YEAR_MONTH) AS YEAR_MONTH,DCTR_ID,HCP_ID,CONTENT_TA,BRAND_NAME,SOLUTION,SUB_CATEGORY1,CAT_TYPE,VIEWCNT,NULL AS BRAND_CNT FROM GRAPHIC_PUSH 
UNION ALL
SELECT TO_NUMBER(YEAR_MONTH) AS YEAR_MONTH,DCTR_ID,HCP_ID,CONTENT_TA,BRAND_NAME,SOLUTION,SUB_CATEGORY1,CAT_TYPE,VIEWCNT,NULL AS BRAND_CNT FROM CAMPAIGN_TPS
),
TITLE AS (
SELECT T.DCTRID,T.TITLE
FROM (
         SELECT DISTINCT
                A.DCTRID
               ,A.TITLE
               ,ROW_NUMBER () OVER ( PARTITION BY DCTRID ORDER BY TITLE) AS RANK
         FROM RPD_OWNER.STG_IDC_DATA_WECHATMPUSER A
         WHERE TITLE IS NOT NULL
          AND DCTRID NOT IN ('0','1001')
    ) T  WHERE T.RANK=1
),
TIER AS(
SELECT DISTINCT
       YYYYMM
      ,TA
      ,HCP_ID
      ,TIER
FROM RPD_OWNER.DIM_RLTN_TA_DCTR
WHERE HCP_ID <> 0
AND TA IS NOT NULL
AND YYYYMM>201609  --- 取2017之后  20190115  BY NM  考虑到有连续三个月登陆的指标，保留201610之后的
),
BASE_DATA_TITLE_TIER AS (
SELECT  BASE_DATA.DCTR_ID
       ,BASE_DATA.HCP_ID
       ,BASE_DATA.SUB_CATEGORY1
       ,BASE_DATA.CAT_TYPE
       ,BASE_DATA.YEAR_MONTH
       ,BASE_DATA.CONTENT_TA
       ,BASE_DATA.BRAND_NAME
       ,BASE_DATA.SOLUTION
       ,NVL(COALESCE(TO_CHAR(TITLE.TITLE),TO_CHAR(PROFILE.TITLE)),'其他')             AS TITLE
       ,CASE  WHEN TIER.TIER IS NULL THEN 'SELF-REGISTER' ELSE TO_CHAR(TIER.TIER) END AS TIER
       ,BASE_DATA.VIEWCNT
       ,BASE_DATA.BRAND_CNT
FROM BASE_DATA
LEFT JOIN TITLE ON TO_NUMBER(BASE_DATA.DCTR_ID) = TO_NUMBER(TITLE.DCTRID)
LEFT JOIN RPD_OWNER.STG_IDC_PROFILE PROFILE ON  TO_CHAR(BASE_DATA.HCP_ID)=TO_CHAR(PROFILE.HCPID)
LEFT JOIN TIER ON TO_NUMBER(BASE_DATA.DCTR_ID) = TO_NUMBER(TIER.HCP_ID) AND TO_NUMBER(BASE_DATA.YEAR_MONTH) = TO_NUMBER(TIER.YYYYMM) AND NVL(BASE_DATA.CONTENT_TA,'A') = NVL(TIER.TA,'B')
),
CATTYPE_16_MEDICAL_ASSISTANT AS (
SELECT '# OF TP IN MEDICAL ASSISTANT' AS SUB_CATEGORY1
      ,'16'         AS CAT_TYPE
      ,DRUGS.VISIT_YYYYMM AS YEAR_MONTH
      ,CMB.TA_TARGET AS CONTENT_TA
      ,CMB.BRAND_TARGET AS BRAND_NAME
      ,'OTHERS' AS SOLUTION
      ,DRUGS.TITLE
      ,DRUGS.TIER
      ,SUM(DRUGS.VIEWCNT) AS VIEWCNT
      ,SUM(DRUGS.VIEWCNT) AS BRAND_CNT
FROM RPD_OWNER.FCT_IDCTR_DRUGS_INFO DRUGS
INNER JOIN COMBINE_BRAND_INFO CMB ON DRUGS.BRAND_NAME=CMB.BRAND_SOURCE AND DRUGS.TA=CMB.TA_SOURCE AND DRUGS.VISIT_YYYYMM>=CMB.START_DATE AND DRUGS.VISIT_YYYYMM<=CMB.END_DATE 
WHERE LOWER(DRUGS.SOURCE_FLAG)=LOWER('DRUGS INFO DOCTORTA')
GROUP BY DRUGS.VISIT_YYYYMM
       ,CMB.TA_TARGET
       ,CMB.BRAND_TARGET
       ,DRUGS.TITLE
       ,DRUGS.TIER 
),
KPI_BASE_DATA AS (
SELECT  SUB_CATEGORY1 
       ,CAT_TYPE
       ,YEAR_MONTH
       ,CONTENT_TA
       ,BRAND_NAME
       ,SOLUTION
       ,TITLE
       ,TIER
       ,SUM(VIEWCNT)   AS VIEWCNT
       ,SUM(BRAND_CNT) AS BRAND_CNT
FROM BASE_DATA_TITLE_TIER
GROUP BY SUB_CATEGORY1
       ,CAT_TYPE
       ,YEAR_MONTH
       ,CONTENT_TA
       ,BRAND_NAME
       ,TITLE
       ,TIER
       ,SOLUTION
UNION ALL        ----# OF TP IN MEDICAL ASSISTANT 16 直接从FCT_IDCTR_DRUGS_INFO获取数据
SELECT  SUB_CATEGORY1 
       ,CAT_TYPE
       ,YEAR_MONTH
       ,CONTENT_TA
       ,BRAND_NAME
       ,SOLUTION
       ,TITLE
       ,TIER
       ,VIEWCNT
       ,BRAND_CNT
FROM CATTYPE_16_MEDICAL_ASSISTANT  
)
SELECT  YEAR_MONTH
       ,CONTENT_TA AS TA_NAME
       ,BRAND_NAME
       ,TRIM(SOLUTION) AS SOLUTION
       ,TIER
       ,TITLE
       ,CASE WHEN CAT_TYPE IN ('1','2', '3', '4', '5', '6','7','8') THEN 'MEETING'
             WHEN CAT_TYPE IN  ('9', '10', '11', '12', '13', '14', '15', '16') THEN 'CONTENT - PULL'
             WHEN CAT_TYPE IN ('17', '18', '19','20','21', '22'/*,'37'*/) THEN 'CONTENT - PUSH'
             WHEN CAT_TYPE IN ('37') THEN 'CAMPAIGN' --UPDATE BY RITA 20200211
             WHEN CAT_TYPE IN ('23','24','25','26','27', '28','29', '30', '31','32', '33', '34','35','36') THEN 'WECHAT REP'
         END AS CATEGORY
       ,SUB_CATEGORY1 AS SUB_CATEGORY 
       ,CAT_TYPE       
       ,VIEWCNT   AS VIEWCNT_BY_BRAND
       ,BRAND_CNT AS VIEWCNT_BY_TA
FROM KPI_BASE_DATA