WITH TOTAL_BASE_INFO AS (    ------因为TOTAL需要对TA做去重处理，所以不能从表FCT_IDCTR_TOUCHPOINT_KPI获取 
SELECT T1.OPENID,
       T6.PROJECTHCPID AS HCP_ID,
       TO_CHAR (T6.DCTRID) AS DCTR_ID, --UPDATE BY RITA 20181221因为注册的医生后续会升级，医生激活表的DCTRID可能会变化，但TP记录表的DCTRID不会更新，所以要用激活表的最新DCTRID
       T3.NAME AS MODULE,
       T2.ID AS CONTENTID,
       T1.DETAILTITLE AS CONTENTTITLE,
       CASE WHEN T5.TA IN ('DIA', 'DIA-LEAP') THEN 'INSULIN (INJECTION)'
            WHEN T5.TA = 'ONCO' THEN 'ONC'
            WHEN T5.TA = 'CIALIS' THEN 'CIALIS' -- ADD BY RITA 20190218专门处理CIALIS
            ELSE T5.TA
       END AS CONTENT_TA,     --UPDATE BY RITA 20190214 对CONTENTTA的赋值逻辑做了调整
       TO_CHAR (T1.CREATEDUTC + INTERVAL '8' HOUR, 'YYYYMMDD') AS VIEWTIME,
       1 AS VIEWCNT
FROM RPD_OWNER.STG_IDC_DATA_WECHATUSAGETRACK  T1
LEFT JOIN RPD_OWNER.STG_IDC_DATA_CONTENTAREAMTRL T2 ---- 20181012UPDATE,改成了用ID去JOIN，因为用标题JOIN文章配置表的话，相同文章标题可能不止一条记录，误差较大（2017-10-30 09:44:02.000之后才开始记录ID，这之前的数据会在2018-10-16批量修正）
               ON T1.DETAILID = T2.ID
LEFT JOIN RPD_OWNER.STG_IDC_DATA_CONTENTAREAMODULE T3 ON T2.CONTENTAREAMODULEID = T3.ID
LEFT JOIN RPD_OWNER.STG_IDC_DATA_CONTENTRLTN T4 ON T3.ID = T4.CONTENTMODULEID
LEFT JOIN RPD_OWNER.STG_IDC_DATA_CONTENTAREATAMAP T5 ON T5.ID = T4.CONTENTAREAID
LEFT JOIN RPD_OWNER.STG_IDC_DATA_WECHATMPUSER T6
               ON     T6.ISDELETED = 0
                  AND (   T6.DCTRID IN (0, 1001) ---UPDATE BY RITA 20181221 DCTRID多包含了1001
                       OR (T6.DCTRID > 2999999 AND T6.DCTRID NOT LIKE '9%'))
                  AND T6.OPENID = T1.OPENID
LEFT JOIN RPD_OWNER.STG_HCP_MAPPING T7  ON T1.CUSTOMERID = REGEXP_REPLACE (T7.OLD_HCP_ID, '[^0-9]')
WHERE     T1.WECHATAPPID = 27
AND T1.ISDELETED = 0                   ---- UPDATE 20190508 BY LEVI
AND T1.MODULE = 'CONTENTAREA_ARTICLE'
AND T1.DETAILTYPE <> 'OTHERURL'
AND T1.DETAILTITLE <> 'LEAPURL'
AND (   T1.CUSTOMERID IN ('0', '1001') --UPDATE BY RITA 20181221 DCTRID多包含了1001
     OR (T1.CUSTOMERID > 2999999 AND T1.CUSTOMERID NOT LIKE '9%'))
AND (   T6.DCTRID IN (0, 1001) --UPDATE BY RITA 20181221 DCTRID多包含了1001
        OR (T6.DCTRID > 2999999 AND T6.DCTRID NOT LIKE '9%'))
),
TOUCHPOINT AS (
-----正常数据
SELECT VIEW_YYYYMM,
       VIEW_TIME,
       MODULE,
       DCTR_ID,
       HCP_ID,	   
       CONTENT_TA,
       BRAND_NAME,
       VIEWCNT,
       BRAND_CNT,
       SOURCE_FLAG
FROM RPD_OWNER.FCT_IDCTR_TOUCHPOINT_KPI
WHERE LOWER(SOURCE_FLAG)='ARTICLE VIEW'
-------------新增BRAND='CYMBALTA CMP AND MDD' 的数据
UNION ALL
----文章部分  'TA BRAND MAPPING' 拆分 ，因为这部分数据相当于是将源数据翻倍处理，所以这里的去重可以直接除以2
SELECT VIEW_YYYYMM,
       VIEW_TIME,
       MODULE,
       DCTR_ID,
       HCP_ID,
       CONTENT_TA,
       'CYMBALTA CMP AND MDD' AS BRAND_NAME,
       VIEWCNT/2 AS  VIEWCNT,
       NULL AS BRAND_CNT,
       SOURCE_FLAG
FROM RPD_OWNER.FCT_IDCTR_TOUCHPOINT_KPI 
WHERE LOWER(SOURCE_FLAG)='ARTICLE VIEW'
AND BRAND_SPLIT_FLAG='TA BRAND MAPPING'
AND BRAND_NAME IN ('CYMBALTA CMP','CYMBALTA MDD')
UNION ALL
----文章部分  'TA BRAND MAPPING' 拆分 ，因为这部分数据相当于是将源数据翻倍处理，所以这里的去重可以直接除以2
SELECT VIEW_YYYYMM,
       VIEW_TIME,
       MODULE,
       DCTR_ID,
       HCP_ID,	   
       CONTENT_TA,
       'CYMBALTA CMP AND MDD' AS BRAND_NAME,
       VIEWCNT,
       NULL AS BRAND_CNT,
       SOURCE_FLAG
FROM RPD_OWNER.FCT_IDCTR_TOUCHPOINT_KPI 
WHERE LOWER(SOURCE_FLAG)='ARTICLE VIEW'
AND BRAND_SPLIT_FLAG<>'TA BRAND MAPPING'
AND BRAND_NAME IN ('CYMBALTA CMP','CYMBALTA MDD')
),
ARTICLE_VIEW AS (
---- TITLE
SELECT TOUCHPOINT.VIEW_YYYYMM AS VIEWTIME,
       TO_CHAR(TO_DATE(TOUCHPOINT.VIEW_TIME,'YYYY-MM-DD HH24:MI:SS'),'MON','NLS_DATE_LANGUAGE=AMERICAN')||CHR(39)||SUBSTR(TO_CHAR(TO_DATE(TOUCHPOINT.VIEW_TIME,'YYYY-MM-DD HH24:MI:SS')),-2) AS FORMAT_VIEWTIME,
       TOUCHPOINT.MODULE,
       TOUCHPOINT.DCTR_ID,
       TOUCHPOINT.CONTENT_TA,
       TOUCHPOINT.BRAND_NAME,
       NVL(TO_CHAR(TITLE.TITLE),'其他')  AS TITLE,
       SUM(TOUCHPOINT.VIEWCNT)           AS VIEWCNT_BRAND,
       SUM(TOUCHPOINT.VIEWCNT/DECODE(BRAND_CNT,0,1,NULL,1,BRAND_CNT)) AS VIEWCNT_TA
FROM TOUCHPOINT
LEFT JOIN (SELECT DISTINCT DCTRID, TITLE FROM RPD_OWNER.STG_IDC_DATA_WECHATMPUSER) TITLE ON TO_NUMBER(TOUCHPOINT.DCTR_ID)=TO_NUMBER(TITLE.DCTRID)
WHERE TOUCHPOINT.DCTR_ID NOT IN ('0','1001')
AND LOWER(TOUCHPOINT.SOURCE_FLAG)='ARTICLE VIEW'
GROUP BY TOUCHPOINT.VIEW_YYYYMM,
        TO_CHAR(TO_DATE(TOUCHPOINT.VIEW_TIME,'YYYY-MM-DD HH24:MI:SS'),'MON','NLS_DATE_LANGUAGE=AMERICAN')||CHR(39)||SUBSTR(TO_CHAR(TO_DATE(TOUCHPOINT.VIEW_TIME,'YYYY-MM-DD HH24:MI:SS')),-2),
        TOUCHPOINT.MODULE,
        TOUCHPOINT.DCTR_ID,
        TOUCHPOINT.CONTENT_TA,
        TOUCHPOINT.BRAND_NAME,
        NVL(TO_CHAR(TITLE.TITLE),'其他')
UNION
SELECT TOUCHPOINT.VIEW_YYYYMM AS VIEWTIME,
       TO_CHAR(TO_DATE(TOUCHPOINT.VIEW_TIME,'YYYY-MM-DD HH24:MI:SS'),'MON','NLS_DATE_LANGUAGE=AMERICAN')||CHR(39)||SUBSTR(TO_CHAR(TO_DATE(TOUCHPOINT.VIEW_TIME,'YYYY-MM-DD HH24:MI:SS')),-2) AS FORMAT_VIEWTIME,
       TOUCHPOINT.MODULE,
       TOUCHPOINT.HCP_ID AS DCTR_ID,    ----自注册的用户需要用HCPID
       TOUCHPOINT.CONTENT_TA,
       TOUCHPOINT.BRAND_NAME,
       NVL(TO_CHAR(PRO.TITLE),'其他')    AS TITLE,
       SUM(TOUCHPOINT.VIEWCNT)           AS VIEWCNT_BRAND,
       SUM(TOUCHPOINT.VIEWCNT/DECODE(BRAND_CNT,0,1,NULL,1,BRAND_CNT)) AS VIEWCNT_TA
FROM TOUCHPOINT
LEFT JOIN RPD_OWNER.STG_IDC_PROFILE PRO ON  TOUCHPOINT.HCP_ID=PRO.HCPID
WHERE TOUCHPOINT.DCTR_ID IN ('0','1001')
AND LOWER(TOUCHPOINT.SOURCE_FLAG)='ARTICLE VIEW'
GROUP BY TOUCHPOINT.VIEW_YYYYMM,
        TO_CHAR(TO_DATE(TOUCHPOINT.VIEW_TIME,'YYYY-MM-DD HH24:MI:SS'),'MON','NLS_DATE_LANGUAGE=AMERICAN')||CHR(39)||SUBSTR(TO_CHAR(TO_DATE(TOUCHPOINT.VIEW_TIME,'YYYY-MM-DD HH24:MI:SS')),-2),
        TOUCHPOINT.MODULE,
        TOUCHPOINT.HCP_ID,
        TOUCHPOINT.CONTENT_TA,
        TOUCHPOINT.BRAND_NAME,
        NVL(TO_CHAR(PRO.TITLE),'其他')
 ),
ARTICLE_VIEW_TOTAL AS (
-------------TA=TOTAL 的数据需要单算
SELECT SUBSTR(TOTAL_INFO.VIEWTIME,1,6) AS VIEWTIME,
       TO_CHAR(TO_DATE(TOTAL_INFO.VIEWTIME,'YYYY-MM-DD HH24:MI:SS'),'MON','NLS_DATE_LANGUAGE=AMERICAN')||CHR(39)||SUBSTR(TO_CHAR(TO_DATE(TOTAL_INFO.VIEWTIME,'YYYY-MM-DD HH24:MI:SS')),-2) AS FORMAT_VIEWTIME,
       TOTAL_INFO.MODULE,
       TOTAL_INFO.DCTR_ID,
       TOTAL_INFO.CONTENT_TA,
       NULL AS BRAND_NAME,
       NVL(TO_CHAR(TITLE.TITLE),'其他')  AS TITLE,
       SUM(TOTAL_INFO.VIEWCNT)           AS VIEWCNT_BRAND,
       SUM(TOTAL_INFO.VIEWCNT)           AS VIEWCNT_TA
FROM TOTAL_BASE_INFO TOTAL_INFO
LEFT JOIN (SELECT DISTINCT DCTRID, TITLE FROM RPD_OWNER.STG_IDC_DATA_WECHATMPUSER) TITLE ON TO_NUMBER(TOTAL_INFO.DCTR_ID)=TO_NUMBER(TITLE.DCTRID)
WHERE TOTAL_INFO.DCTR_ID NOT IN ('0','1001')
GROUP BY SUBSTR(TOTAL_INFO.VIEWTIME,1,6) ,
       TO_CHAR(TO_DATE(TOTAL_INFO.VIEWTIME,'YYYY-MM-DD HH24:MI:SS'),'MON','NLS_DATE_LANGUAGE=AMERICAN')||CHR(39)||SUBSTR(TO_CHAR(TO_DATE(TOTAL_INFO.VIEWTIME,'YYYY-MM-DD HH24:MI:SS')),-2),
       TOTAL_INFO.MODULE,
       TOTAL_INFO.DCTR_ID,
       TOTAL_INFO.CONTENT_TA,
       NVL(TO_CHAR(TITLE.TITLE),'其他')
UNION
SELECT SUBSTR(TOTAL_INFO.VIEWTIME,1,6) AS VIEWTIME,
       TO_CHAR(TO_DATE(TOTAL_INFO.VIEWTIME,'YYYY-MM-DD HH24:MI:SS'),'MON','NLS_DATE_LANGUAGE=AMERICAN')||CHR(39)||SUBSTR(TO_CHAR(TO_DATE(TOTAL_INFO.VIEWTIME,'YYYY-MM-DD HH24:MI:SS')),-2) AS FORMAT_VIEWTIME,
       TOTAL_INFO.MODULE,
       TOTAL_INFO.HCP_ID AS DCTR_ID,
       TOTAL_INFO.CONTENT_TA,
       NULL AS BRAND_NAME,
       NVL(TO_CHAR(PRO.TITLE),'其他')    AS TITLE,
       SUM(TOTAL_INFO.VIEWCNT)           AS VIEWCNT_BRAND,
       SUM(TOTAL_INFO.VIEWCNT)           AS VIEWCNT_TA
FROM TOTAL_BASE_INFO TOTAL_INFO
LEFT JOIN RPD_OWNER.STG_IDC_PROFILE PRO ON  TOTAL_INFO.HCP_ID=PRO.HCPID
WHERE TOTAL_INFO.DCTR_ID IN ('0','1001')
GROUP BY SUBSTR(TOTAL_INFO.VIEWTIME,1,6) ,
       TO_CHAR(TO_DATE(TOTAL_INFO.VIEWTIME,'YYYY-MM-DD HH24:MI:SS'),'MON','NLS_DATE_LANGUAGE=AMERICAN')||CHR(39)||SUBSTR(TO_CHAR(TO_DATE(TOTAL_INFO.VIEWTIME,'YYYY-MM-DD HH24:MI:SS')),-2),
       TOTAL_INFO.MODULE,
       TOTAL_INFO.HCP_ID,
       TOTAL_INFO.CONTENT_TA,
       NVL(TO_CHAR(PRO.TITLE),'其他')

),
BASE_DATA AS (
----- BY TA
SELECT ARTICLE_VIEW.VIEWTIME,
       ARTICLE_VIEW.FORMAT_VIEWTIME,
       ARTICLE_VIEW.MODULE,
       ARTICLE_VIEW.DCTR_ID,
       ARTICLE_VIEW.CONTENT_TA,
       ARTICLE_VIEW.BRAND_NAME,
       ARTICLE_VIEW.TITLE,
       ARTICLE_VIEW.VIEWCNT_BRAND,
       ARTICLE_VIEW.VIEWCNT_TA,
       CASE WHEN TIER.TIER IS NULL THEN 'SELF-REGISTER' ELSE TO_CHAR(TIER.TIER) END AS TIER
FROM ARTICLE_VIEW
LEFT JOIN (
            SELECT DISTINCT
                   YYYYMM
                  ,HCP_ID
                  ,TIER
                  ,TA
            FROM RPD_OWNER.DIM_RLTN_TA_DCTR
            WHERE HCP_ID <> 0
            AND TA <> 'TOTAL'
       ) TIER
      ON  ARTICLE_VIEW.DCTR_ID = TIER.HCP_ID
      AND TO_NUMBER(VIEWTIME) = TO_NUMBER(TIER.YYYYMM)
      AND ARTICLE_VIEW.CONTENT_TA=TIER.TA
UNION ALL
SELECT DISTINCT        -----对于汇总TOTAL的数据需要去重
       ARTICLE_VIEW.VIEWTIME,
       ARTICLE_VIEW.FORMAT_VIEWTIME,
       ARTICLE_VIEW.MODULE,
       ARTICLE_VIEW.DCTR_ID,
       'TOTAL' AS CONTENT_TA,
       ARTICLE_VIEW.BRAND_NAME,
       ARTICLE_VIEW.TITLE,
       ARTICLE_VIEW.VIEWCNT_BRAND,
       ARTICLE_VIEW.VIEWCNT_TA,
       CASE WHEN TIER.TIER IS NULL THEN 'SELF-REGISTER'  ELSE TO_CHAR(TIER.TIER) END AS TIER
FROM ARTICLE_VIEW_TOTAL ARTICLE_VIEW
LEFT JOIN (
            SELECT DISTINCT
                   YYYYMM
                  ,HCP_ID
                  ,TIER
                  ,TA
            FROM RPD_OWNER.DIM_RLTN_TA_DCTR
            WHERE HCP_ID <> 0
            AND TA ='TOTAL'
       ) TIER
      ON ARTICLE_VIEW.DCTR_ID = TIER.HCP_ID
      AND TO_NUMBER(VIEWTIME) = TO_NUMBER(TIER.YYYYMM)
),
RESULT_MAIN AS
(
SELECT NVL(CONTENT_TA,'OTHERS') AS TA,
      BRAND_NAME,
      TIER   AS TIER,
      TITLE  AS TITLE,
      MODULE AS KPI,
      VIEWTIME,
      FORMAT_VIEWTIME,
      SUM(VIEWCNT_BRAND) AS VIEWCNT_BRAND,
      SUM(VIEWCNT_TA)    AS VIEWCNT_TA
FROM BASE_DATA
GROUP BY NVL(CONTENT_TA,'OTHERS'),
         BRAND_NAME,
         TIER,
         TITLE,
         MODULE,
         VIEWTIME,
         FORMAT_VIEWTIME
),
RESULT_DIMENSION AS(
SELECT 'TIME' AS DIMENSION,
        FORMAT_VIEWTIME AS SUB_DIMENSHION,
        MODULE AS KPI,
        NVL(CONTENT_TA,'OTHERS') AS TA,
        BRAND_NAME,
        VIEWTIME,
        SUM(VIEWCNT_BRAND) AS TOT_VIEWCNT_BY_BRAND,
        SUM(VIEWCNT_TA)    AS TOT_VIEWCNT_BY_TA
FROM BASE_DATA
GROUP BY FORMAT_VIEWTIME,MODULE,NVL(CONTENT_TA,'OTHERS'),BRAND_NAME,VIEWTIME
UNION ALL
SELECT 'TIER' AS DIMENSION,
       TIER   AS SUB_DIMENSHION,
       MODULE AS KPI,
       NVL(CONTENT_TA,'OTHERS') AS TA,
       BRAND_NAME,
       VIEWTIME,
       SUM(VIEWCNT_BRAND) AS TOT_VIEWCNT_BY_BRAND,
       SUM(VIEWCNT_TA)    AS TOT_VIEWCNT_BY_TA
FROM BASE_DATA
GROUP BY TIER,MODULE,NVL(CONTENT_TA,'OTHERS'),BRAND_NAME,VIEWTIME
UNION ALL
SELECT 'TITLE' AS DIMENSION,
       TITLE   AS SUB_DIMENSHION,
       MODULE  AS KPI,
       NVL(CONTENT_TA,'OTHERS') AS TA,
       BRAND_NAME,
       VIEWTIME,
       SUM(VIEWCNT_BRAND) AS TOT_VIEWCNT_BY_BRAND,
       SUM(VIEWCNT_TA)    AS TOT_VIEWCNT_BY_TA
FROM BASE_DATA
GROUP BY TITLE,MODULE,NVL(CONTENT_TA,'OTHERS'),BRAND_NAME,VIEWTIME
 )
SELECT RESULT_DIMENSION.DIMENSION
      ,RESULT_DIMENSION.SUB_DIMENSHION
      ,RESULT_DIMENSION.KPI
      ,RESULT_DIMENSION.TA
      ,RESULT_DIMENSION.BRAND_NAME
      ,RESULT_DIMENSION.VIEWTIME
      ,RESULT_MAIN.TIER
      ,RESULT_MAIN.TITLE
      ,RESULT_DIMENSION.TOT_VIEWCNT_BY_BRAND
      ,RESULT_MAIN.VIEWCNT_BRAND
      ,RESULT_DIMENSION.TOT_VIEWCNT_BY_TA
      ,RESULT_MAIN.VIEWCNT_TA
FROM RESULT_MAIN
LEFT JOIN RESULT_DIMENSION ON RESULT_MAIN.KPI=RESULT_DIMENSION.KPI
AND RESULT_MAIN.TA=RESULT_DIMENSION.TA
AND RESULT_MAIN.VIEWTIME=RESULT_DIMENSION.VIEWTIME
AND NVL(RESULT_MAIN.BRAND_NAME,'A')=NVL(RESULT_DIMENSION.BRAND_NAME,'A') --NULL值转换为相同
WHERE RESULT_DIMENSION.KPI IS NOT NULL
AND RESULT_DIMENSION.DIMENSION = 'TIME'
AND RESULT_DIMENSION.VIEWTIME>201612
UNION ALL
SELECT RESULT_DIMENSION.DIMENSION
      ,RESULT_DIMENSION.SUB_DIMENSHION
      ,RESULT_DIMENSION.KPI
      ,RESULT_DIMENSION.TA
      ,RESULT_DIMENSION.BRAND_NAME
      ,RESULT_DIMENSION.VIEWTIME
      ,RESULT_MAIN.TIER
      ,RESULT_MAIN.TITLE
      ,RESULT_DIMENSION.TOT_VIEWCNT_BY_BRAND
      ,RESULT_MAIN.VIEWCNT_BRAND
      ,RESULT_DIMENSION.TOT_VIEWCNT_BY_TA
      ,RESULT_MAIN.VIEWCNT_TA
FROM RESULT_MAIN
LEFT JOIN RESULT_DIMENSION
ON RESULT_MAIN.KPI=RESULT_DIMENSION.KPI AND RESULT_MAIN.TA=RESULT_DIMENSION.TA
AND RESULT_MAIN.VIEWTIME=RESULT_DIMENSION.VIEWTIME
AND RESULT_MAIN.TIER=RESULT_DIMENSION.SUB_DIMENSHION
AND NVL(RESULT_MAIN.BRAND_NAME,'A')=NVL(RESULT_DIMENSION.BRAND_NAME,'A')--NULL值转换为相同
WHERE RESULT_DIMENSION.KPI IS NOT NULL
AND RESULT_DIMENSION.DIMENSION = 'TIER'
AND RESULT_DIMENSION.VIEWTIME>201612
UNION ALL
SELECT RESULT_DIMENSION.DIMENSION
      ,RESULT_DIMENSION.SUB_DIMENSHION
      ,RESULT_DIMENSION.KPI
      ,RESULT_DIMENSION.TA
      ,RESULT_DIMENSION.BRAND_NAME
      ,RESULT_DIMENSION.VIEWTIME
      ,RESULT_MAIN.TIER
      ,RESULT_MAIN.TITLE
      ,RESULT_DIMENSION.TOT_VIEWCNT_BY_BRAND
      ,RESULT_MAIN.VIEWCNT_BRAND
      ,RESULT_DIMENSION.TOT_VIEWCNT_BY_TA
      ,RESULT_MAIN.VIEWCNT_TA
FROM RESULT_MAIN
LEFT JOIN RESULT_DIMENSION
ON RESULT_MAIN.KPI=RESULT_DIMENSION.KPI AND RESULT_MAIN.TA=RESULT_DIMENSION.TA
 AND RESULT_MAIN.VIEWTIME=RESULT_DIMENSION.VIEWTIME
 AND RESULT_MAIN.TITLE=RESULT_DIMENSION.SUB_DIMENSHION
AND NVL(RESULT_MAIN.BRAND_NAME,'A')=NVL(RESULT_DIMENSION.BRAND_NAME,'A')--NULL值转换为相同
WHERE RESULT_DIMENSION.KPI IS NOT NULL
AND RESULT_DIMENSION.DIMENSION = 'TITLE'
AND RESULT_DIMENSION.VIEWTIME>201612