--ADD BY RITA 20190910 DIM_IDCTR_RLTN_TRTRY_DCTR存的是历史TD
WITH --ADD BY RITA 20190807 取关表STG_IDC_DATA_SUBSCRIBEHISTORY（注：获取 SUBSCRIBETYPE （0 取消关注 1 关注 2 已同意条款）状态对应月份时间最大的一条记录。） 取每个状态每个月最大时间记录的一条
SUBSCRIBEHISTORY AS(
SELECT *
FROM (
      SELECT 
           T.OPENID,
           T.DCTRID,
           T.SUBSCRIBETYPE,
           T.SUBSCRIBETIME + INTERVAL '8' HOUR AS SUBSCRIBETIME,
           SUBSTR(TO_CHAR(T.SUBSCRIBETIME + INTERVAL '8' HOUR, 'YYYYMMDD'), 1, 6) AS SUBSCRIBETIME_YYYYMM,
           ROW_NUMBER() OVER(PARTITION BY T.OPENID, T.DCTRID, T.SUBSCRIBETYPE, SUBSTR(TO_CHAR(T.SUBSCRIBETIME + INTERVAL '8' HOUR, 'YYYYMMDD'), 1, 6) ORDER BY T.SUBSCRIBETIME + INTERVAL '8' HOUR DESC) AS ROW_NUMBER
      FROM RPD_OWNER.STG_IDC_DATA_SUBSCRIBEHIS_INI T
          --WHERE (T.DCTRID > 2999999 AND T.DCTRID NOT LIKE '9%')
          --   OR (T.OPENID IS NOT NULL AND T.DCTRID IN (0, 1001))UPDATE BY RITA20191024 LEVI邮件注释掉该WHERE条件，因为STG_IDC_DATA_SUBSCRIBEHIS_INI表有DCTRID为空的情况
       )
WHERE ROW_NUMBER = 1
),
--当B.SUBSCRIBETYPE=2(已同意条款)时 取距离B.SUBSCRIBETYPE=2时的时间最接近的状态(0已取关 1在关注)  
SUBSCRIBEHISTORY_AGREED AS(
SELECT C.*,
         CASE WHEN C.SUBSCRIBETYPE = '0' THEN '已取关'
              WHEN C.SUBSCRIBETYPE = '1' THEN '在关注'
         END AS FOCUS_STATUS,
         CASE WHEN C.SUBSCRIBETYPE = '0' THEN 'UNSUBSCRIBED'
              WHEN C.SUBSCRIBETYPE = '1' THEN 'SUBSCRIBED'
         END AS FOCUS_STATUS_EN
FROM (SELECT 
           A.OPENID,
           A.DCTRID,
           A.SUBSCRIBETYPE AS SUBSCRIBETYPE_YUAN,
           A.SUBSCRIBETIME AS SUBSCRIBETIME_YUAN,
           B.SUBSCRIBETYPE,
           B.SUBSCRIBETIME,
           ROW_NUMBER() OVER(PARTITION BY A.OPENID, A.DCTRID, A.SUBSCRIBETYPE, A.SUBSCRIBETIME ORDER BY B.SUBSCRIBETIME DESC) AS ROW_NUMBER
       FROM (SELECT DISTINCT OPENID, DCTRID, SUBSCRIBETYPE, SUBSCRIBETIME
             FROM SUBSCRIBEHISTORY A
             WHERE A.SUBSCRIBETYPE = '2'
			 ) A
            LEFT JOIN (SELECT DISTINCT OPENID,
                                      DCTRID,
                                      SUBSCRIBETYPE,
                                      SUBSCRIBETIME + INTERVAL '8' HOUR AS SUBSCRIBETIME
                        FROM RPD_OWNER.STG_IDC_DATA_SUBSCRIBEHIS_INI
                        WHERE SUBSCRIBETYPE != '2'
						) B
              ON A.OPENID = B.OPENID
             AND A.SUBSCRIBETIME >= B.SUBSCRIBETIME
             AND TO_CHAR(A.SUBSCRIBETIME, 'YYYYMM') = TO_CHAR(B.SUBSCRIBETIME, 'YYYYMM')
	 ) C
WHERE ROW_NUMBER = 1
), --ADD BY RITA20190821 LEVI邮件 当状态为2时要同一个月份往前找 0 或者1
--UPDATE BY RITA20191018不管是未同意条款还是已同意条款，数据全部来源于历史表   
ACTION_BY_TD1 AS(
SELECT DISTINCT A.TDYYYYMM,
                  A.OPENID AS OPENID,
                  A.DOCTOR_ID,
                  A.HSPTL_ID,
                  A.VEEVA_HSPTL_ID,
                  A.DOCTOR_NAME,
                  A.GENDER,
                  A.DEPARTMENT,
                  A.DOCTOR_TYPE,
                  A.DOCTOR_TYPE1,
                  A.TARGET_DCTR_FLAG,
                  A.TA_NAME,
                  A.RGN_NAME,
                  A.TIER_ID,
                  A.TIER_NAME,
                  A.ACTIVATION_STATUS,                  
                  CASE WHEN B.SUBSCRIBETYPE != '2' THEN
                       CASE WHEN B.SUBSCRIBETYPE = '0' THEN '已取关'
                            WHEN B.SUBSCRIBETYPE = '1' THEN '在关注'
                       END
                  ELSE C.FOCUS_STATUS
                  END  AS FOCUS_STATUS,                 
                  CASE WHEN B.SUBSCRIBETYPE != '2' THEN
                       CASE WHEN B.SUBSCRIBETYPE = '0' THEN 'UNSUBSCRIBED'
                            WHEN B.SUBSCRIBETYPE = '1' THEN 'SUBSCRIBED'
                       END
                  ELSE C.FOCUS_STATUS_EN
                  END  AS FOCUS_STATUS_EN,                 
                  CASE WHEN B.SUBSCRIBETYPE = '2' THEN '已同意条款' ELSE NULL END  AS AGREED_STATUS,                 
                  CASE  WHEN B.SUBSCRIBETYPE = '2' THEN 'AGREED' ELSE NULL END  AS AGREED_STATUS_EN,
                  A.SYNC_DATE,
                  CASE WHEN SUBSTR(TO_CHAR(B.SUBSCRIBETIME,'YYYYMMDD'),1,6)<=A.TDYYYYMM THEN
                      CASE WHEN B.SUBSCRIBETYPE != '2' THEN
                           NVL(B.SUBSCRIBETIME, A.WECHATACTIVATE_DATE) --ADD BY RITA20191016 不在历史表里的SUBSCRIBETIME为空的取激活表的激活时间
                      ELSE NVL(C.SUBSCRIBETIME_YUAN, A.WECHATACTIVATE_DATE) --ADD BY RITA20191016 不在历史表里的SUBSCRIBETIME为空的取激活表的激活时间
                      END 
				  ELSE A.WECHATACTIVATE_DATE 
				  END AS WECHATACTIVATE_DATE,
                  CASE WHEN SUBSTR(TO_CHAR(B.SUBSCRIBETIME,'YYYYMMDD'),1,6)<=A.TDYYYYMM THEN
                       CASE  WHEN B.SUBSCRIBETYPE != '2' THEN
                             SUBSTR(TO_CHAR(NVL(B.SUBSCRIBETIME, A.WECHATACTIVATE_DATE), 'YYYYMMDD'), 1, 6)
                       ELSE
                            SUBSTR(TO_CHAR(NVL(C.SUBSCRIBETIME_YUAN, A.WECHATACTIVATE_DATE), 'YYYYMMDD'), 1, 6)
                      END 
				  ELSE SUBSTR(TO_CHAR(A.WECHATACTIVATE_DATE,'YYYYMMDD'),1,6) 
				  END AS WECHATACTIVATE_YYYYMM,
                  A.DSTRCT_CD,
                  A.DM_NAME,
                  A.TRTRY_CD,
                  A.REP_NAME,
				  1 AS ACTION_FLAG
FROM RPD_OWNER.DIM_IDCTR_DOCTOR_DETAIL A
LEFT JOIN SUBSCRIBEHISTORY B   ON B.OPENID = A.OPENID AND SUBSTR(TO_CHAR(B.SUBSCRIBETIME,'YYYYMMDD'),1,6)<=A.TDYYYYMM ----只获取关注时间小于等于TD月份的数据
LEFT JOIN SUBSCRIBEHISTORY_AGREED C ON B.OPENID = C.OPENID AND B.SUBSCRIBETYPE = C.SUBSCRIBETYPE_YUAN AND B.SUBSCRIBETIME = C.SUBSCRIBETIME_YUAN
WHERE A.OPENID IS NOT NULL
 AND (CASE WHEN SUBSTR(TO_CHAR(B.SUBSCRIBETIME,'YYYYMMDD'),1,6)<=A.TDYYYYMM THEN
           CASE WHEN B.SUBSCRIBETYPE != '2' THEN
                SUBSTR(TO_CHAR(NVL(B.SUBSCRIBETIME, A.WECHATACTIVATE_DATE), 'YYYYMMDD'),1,6)
            ELSE
               SUBSTR(TO_CHAR(NVL(C.SUBSCRIBETIME_YUAN, A.WECHATACTIVATE_DATE), 'YYYYMMDD'), 1, 6)
            END 
	  ELSE SUBSTR(TO_CHAR(A.WECHATACTIVATE_DATE,'YYYYMMDD'),1,6) 
	  END <= A.TDYYYYMM 
	  )--UPDATE BY RITA20191025 大于TD月份的历史表的记录不能出现在TD月份  
UNION ALL
  --未激活 OPENID为空的,未激活的ACTION_FLAG跟FCT_IDC_DOCTOR_MTH_STATUS表定义保持一致，ACTION_FLAG 定义为2
SELECT A.TDYYYYMM,
         A.OPENID AS OPENID,
         A.DOCTOR_ID,
         A.HSPTL_ID,
         A.VEEVA_HSPTL_ID,
         A.DOCTOR_NAME,
         A.GENDER,
         A.DEPARTMENT,
         A.DOCTOR_TYPE,
         A.DOCTOR_TYPE1,
         A.TARGET_DCTR_FLAG,
         A.TA_NAME,
         A.RGN_NAME,
         A.TIER_ID,
         A.TIER_NAME,
         A.ACTIVATION_STATUS,
         NULL AS FOCUS_STATUS,
         NULL AS FOCUS_STATUS_EN,
         NULL AS AGREED_STATUS,
         NULL AS AGREED_STATUS_EN,
         A.SYNC_DATE,
         A.WECHATACTIVATE_DATE AS WECHATACTIVATE_DATE,
         SUBSTR(TO_CHAR(A.WECHATACTIVATE_DATE, 'YYYYMMDD'), 1, 6) AS WECHATACTIVATE_YYYYMM,
         A.DSTRCT_CD,
         A.DM_NAME,
         A.TRTRY_CD,
         A.REP_NAME,
		  2 AS ACTION_FLAG
FROM RPD_OWNER.DIM_IDCTR_DOCTOR_DETAIL A
WHERE A.OPENID IS NULL	  
),
ACTION_BY_TD2 AS (  ------对于+8小时出现的跨月、TD表里月份和实际行为发生的月份不一致而丢失的数据需要补数据到对应的TD月份，关注、同意状态为NULL
SELECT A.TDYYYYMM,
         A.OPENID AS OPENID,
         A.DOCTOR_ID,
         A.HSPTL_ID,
         A.VEEVA_HSPTL_ID,
         A.DOCTOR_NAME,
         A.GENDER,
         A.DEPARTMENT,
         A.DOCTOR_TYPE,
         A.DOCTOR_TYPE1,
         A.TARGET_DCTR_FLAG,
         A.TA_NAME,
         A.RGN_NAME,
         A.TIER_ID,
         A.TIER_NAME,
         A.ACTIVATION_STATUS,
         NULL AS FOCUS_STATUS,
         NULL AS FOCUS_STATUS_EN,
         NULL AS AGREED_STATUS,
         NULL AS AGREED_STATUS_EN,
         A.SYNC_DATE,
         A.WECHATACTIVATE_DATE AS WECHATACTIVATE_DATE,
         SUBSTR(TO_CHAR(A.WECHATACTIVATE_DATE, 'YYYYMMDD'), 1, 6) AS WECHATACTIVATE_YYYYMM,
         A.DSTRCT_CD,
         A.DM_NAME,
         A.TRTRY_CD,
         A.REP_NAME,
		 0 AS ACTION_FLAG
FROM RPD_OWNER.DIM_IDCTR_DOCTOR_DETAIL A
LEFT JOIN ACTION_BY_TD1 ACTION ON A.TDYYYYMM=ACTION.TDYYYYMM AND A.DOCTOR_ID=ACTION.DOCTOR_ID
WHERE ACTION.DOCTOR_ID IS NULL
),
--ADD BY RITA20191118 加字段 代表类型REP_TYPE 每个月月初 DIM_CRM_RLTN_GK_REPTYPE表最新月份的数据还提供不过来，所以用下面的方法暂时处理
/*SELECT A.*,B.REP_TYPE_ID AS SLEEVE_ID, B.REP_TYPE AS SLEEVE_NAME FROM ACTION_BY_TD1 A
LEFT JOIN RPD_OWNER.DIM_CRM_RLTN_GK_REPTYPE B ON   A.TDYYYYMM=B.YYYYMM AND A.TRTRY_CD=B.GROUP_KEY 
UNION 
SELECT A.*, B.REP_TYPE_ID AS SLEEVE_ID, B.REP_TYPE AS SLEEVE_NAME FROM ACTION_BY_TD2 A
LEFT JOIN RPD_OWNER.DIM_CRM_RLTN_GK_REPTYPE B ON   A.TDYYYYMM=B.YYYYMM AND A.TRTRY_CD=B.GROUP_KEY
*/
SALES_REPTYPE AS (
SELECT 
YYYYMM,	GROUP_KEY,	REP_TYPE_ID,	REP_TYPE,	CUSTOMER_NUMBER,	CUSTOMER_NUMBER_UP_LIMIT

FROM RPD_OWNER.DIM_CRM_RLTN_GK_REPTYPE REP_TYPE
WHERE YYYYMM>=201909
),
--当前日期REP TYPE 数据如果还没有给到，就用最大月份数据 COPY 给 当前日期月份  ADD BY RITA20191211 LEVI LYNC
DIM_CRM_RLTN_GK_REPTYPE_TEMP AS(
SELECT 
CASE WHEN TO_NUMBER(REP_TYPE.YYYYMM)- TO_NUMBER(TO_CHAR(SYSDATE,'YYYYMM')) =0 
THEN REP_TYPE.YYYYMM ELSE TO_NUMBER(TO_CHAR(SYSDATE,'YYYYMM')) END AS YYYYMM ,
GROUP_KEY,	REP_TYPE_ID,	REP_TYPE,	CUSTOMER_NUMBER,	CUSTOMER_NUMBER_UP_LIMIT
FROM SALES_REPTYPE REP_TYPE 
WHERE YYYYMM = ( SELECT MAX(YYYYMM) FROM RPD_OWNER.DIM_CRM_RLTN_GK_REPTYPE ) 
UNION
SELECT * FROM SALES_REPTYPE 
)
SELECT A.*,B.REP_TYPE_ID AS SLEEVE_ID, B.REP_TYPE AS SLEEVE_NAME FROM ACTION_BY_TD1 A
LEFT JOIN DIM_CRM_RLTN_GK_REPTYPE_TEMP B ON   A.TDYYYYMM=B.YYYYMM AND A.TRTRY_CD=B.GROUP_KEY 

UNION 
SELECT A.*, B.REP_TYPE_ID AS SLEEVE_ID, B.REP_TYPE AS SLEEVE_NAME FROM ACTION_BY_TD2 A
LEFT JOIN DIM_CRM_RLTN_GK_REPTYPE_TEMP B ON   A.TDYYYYMM=B.YYYYMM AND A.TRTRY_CD=B.GROUP_KEY