--LEVI20190821邮件FCT_IDC_DOCTOR_MTH_STATUS 里面找到对应月份的最大状态为 在关注 AND 已取关 不是由TYPE2时逻辑定义的，AGREED STATUS为空的 要往前面找 AGREED STATUS。(不限定月份)
--取每个医生最早的行为,用来补 TYPE4 已激活的 201701~最小行为月数据  FOCUS_STATUS AGREED_STATUS WECHATACTIVATE_DATE赋空
WITH MIN_FOCUS_MTH AS
 (SELECT *
    FROM (SELECT /*+ PARALLEL(6) */T.OPENID,
                 T.DOCTOR_ID,
                 T.HSPTL_ID,
                 T.VEEVA_HSPTL_ID,
                 T.DOCTOR_NAME,
                 T.GENDER,
                 T.DEPARTMENT,
                 T.DOCTOR_TYPE,
                 T.DOCTOR_TYPE1,
                 T.TARGET_DCTR_FLAG,
                 T.TA_NAME,
                 T.RGN_NAME,
                 T.TIER_ID,
                 T.TIER_NAME,
                 T.ACTIVATION_STATUS,
                 T.FOCUS_STATUS,
                 T.FOCUS_STATUS_EN,
                 T.AGREED_STATUS,
                 T.AGREED_STATUS_EN,
                 T.SYNC_DATE,
                 T.WECHATACTIVATE_DATE,
                 T.WECHATACTIVATE_YYYYMM,
                 T.DSTRCT_CD,
                 T.DM_NAME,
                 T.TRTRY_CD,
                 T.REP_NAME,
                 ROW_NUMBER() OVER(PARTITION BY T.OPENID, T.DOCTOR_ID, T.HSPTL_ID, T.VEEVA_HSPTL_ID, T.DOCTOR_NAME, T.GENDER, T.DEPARTMENT, T.DOCTOR_TYPE, T.TARGET_DCTR_FLAG, T.TA_NAME, T.RGN_NAME, T.TIER_ID, T.TIER_NAME,T.DSTRCT_CD, T.TRTRY_CD, T.REP_NAME ORDER BY T.WECHATACTIVATE_DATE ASC) AS ROW_NUMBER
            FROM RPD_OWNER.FCT_IDC_DOCTOR_ACTION T)
   WHERE ROW_NUMBER = 1),
--取每个医生截止到每个月的最新状态，FOCUS_STATUS为空的往前找0或1 补上
NEW_FOCUS_MTH AS
 (SELECT *
    FROM (SELECT /*+ PARALLEL(6) */T.OPENID,
                 T.DOCTOR_ID,
                 T.HSPTL_ID,
                 T.VEEVA_HSPTL_ID,
                 T.DOCTOR_NAME,
                 T.GENDER,
                 T.DEPARTMENT,
                 T.DOCTOR_TYPE,
                 T.DOCTOR_TYPE1,
                 T.TARGET_DCTR_FLAG,
                 T.TA_NAME,
                 T.RGN_NAME,
                 T.TIER_ID,
                 T.TIER_NAME,
                 T.ACTIVATION_STATUS,
                 NVL(T.FOCUS_STATUS,
                     LAST_VALUE(T1.FOCUS_STATUS)
                     OVER(PARTITION BY T1.OPENID,
                          T1.DOCTOR_ID,
                          T1.HSPTL_ID,
                          T1.VEEVA_HSPTL_ID,
                          T1.DOCTOR_NAME,
                          T1.GENDER,
                          T1.DEPARTMENT,
                          T1.DOCTOR_TYPE,
                          T1.TARGET_DCTR_FLAG,
                          T1.TA_NAME,
                          T1.RGN_NAME,
                          T1.TIER_ID,
                          T1.TIER_NAME ORDER BY T1.WECHATACTIVATE_DATE DESC)) AS FOCUS_STATUS,
                 NVL(T.FOCUS_STATUS_EN,
                     LAST_VALUE(T1.FOCUS_STATUS_EN)
                     OVER(PARTITION BY T1.OPENID,
                          T1.DOCTOR_ID,
                          T1.HSPTL_ID,
                          T1.VEEVA_HSPTL_ID,
                          T1.DOCTOR_NAME,
                          T1.GENDER,
                          T1.DEPARTMENT,
                          T1.DOCTOR_TYPE,
                          T1.TARGET_DCTR_FLAG,
                          T1.TA_NAME,
                          T1.RGN_NAME,
                          T1.TIER_ID,
                          T1.TIER_NAME ORDER BY T1.WECHATACTIVATE_DATE DESC)) AS FOCUS_STATUS_EN,
                 T.AGREED_STATUS,
                 T.AGREED_STATUS_EN,
                 T.SYNC_DATE,
                 T.WECHATACTIVATE_DATE,
                 T.WECHATACTIVATE_YYYYMM,
                 T.DSTRCT_CD,
                 T.DM_NAME,
                 T.TRTRY_CD,
                 T.REP_NAME,
                 ROW_NUMBER() OVER(PARTITION BY T.OPENID, T.DOCTOR_ID, T.HSPTL_ID, T.VEEVA_HSPTL_ID, T.DOCTOR_NAME, T.GENDER, T.DEPARTMENT, T.DOCTOR_TYPE, T.TARGET_DCTR_FLAG, T.TA_NAME, T.RGN_NAME, T.TIER_ID, T.TIER_NAME, T.WECHATACTIVATE_YYYYMM, T.DSTRCT_CD, T.TRTRY_CD, T.REP_NAME ORDER BY T.WECHATACTIVATE_DATE DESC) AS ROW_NUMBER
            FROM RPD_OWNER.FCT_IDC_DOCTOR_ACTION T
            LEFT JOIN RPD_OWNER.FCT_IDC_DOCTOR_ACTION T1
              ON T.OPENID = T1.OPENID
             AND T.DOCTOR_ID = T1.DOCTOR_ID
             AND T.TIER_ID = T1.TIER_ID
             AND T.TA_NAME = T1.TA_NAME
             AND T.WECHATACTIVATE_DATE >= T1.WECHATACTIVATE_DATE
             AND T1.FOCUS_STATUS IS NOT NULL)
   WHERE ROW_NUMBER = 1),
--所有的TYPE2 TYPE3医生+TYPE4已激活; ADD BY RITA20190823激活表CREATEDUTC 和FCT_IDC_DOCTOR_ACTION最小时间比，取最小的那个
DOCTORS AS
 (SELECT DISTINCT T.OPENID,
                  T.DOCTOR_ID AS DCTRID,
                  TO_CHAR(T2.CREATEDUTC, 'YYYYMMDD') AS CREATEDUTC1,
                  TO_CHAR(MIN(T.WECHATACTIVATE_DATE), 'YYYYMMDD'),
                  DECODE(SIGN(TO_CHAR(T2.CREATEDUTC, 'YYYYMMDD') -
                              TO_CHAR(MIN(T.WECHATACTIVATE_DATE), 'YYYYMMDD')),
                         -1,
                         TO_CHAR(T2.CREATEDUTC, 'YYYYMMDD'),
                         TO_CHAR(MIN(T.WECHATACTIVATE_DATE), 'YYYYMMDD')) AS CREATEDUTC
    FROM RPD_OWNER.FCT_IDC_DOCTOR_ACTION T
   INNER JOIN RPD_OWNER.STG_IDC_DATA_ACTIVATION T2
      ON T.OPENID = T2.OPENID
   WHERE T2.OPENID IS NOT NULL
     AND T.OPENID IS NOT NULL
   GROUP BY T.OPENID, T.DOCTOR_ID, T2.CREATEDUTC),
FCT_IDC_DOCTOR_MTH_STATUS_TEMP AS(
--补在激活表里没有的医生(TYPE4未激活)
SELECT DISTINCT TO_CHAR(B.YEAR_MONTH_ID) AS YYYYMM,
                A.OPENID AS OPENID,
                A.DOCTOR_ID AS DCTRID,
                A.HSPTL_ID,
                A.VEEVA_HSPTL_ID,
                A.DOCTOR_NAME,
                A.GENDER,
                A.DEPARTMENT AS DEPT_NAME,
                A.DOCTOR_TYPE,
                A.DOCTOR_TYPE1,
                A.TARGET_DCTR_FLAG,
                A.TA_NAME,
                A.RGN_NAME,
                A.TIER_ID,
                A.TIER_NAME,
                A.ACTIVATION_STATUS,
                A.FOCUS_STATUS,
                A.FOCUS_STATUS_EN,
                A.AGREED_STATUS,
                A.AGREED_STATUS_EN,
                A.SYNC_DATE,
                A.WECHATACTIVATE_DATE,
                A.WECHATACTIVATE_YYYYMM,
                A.DSTRCT_CD,
                A.DM_NAME,
                A.TRTRY_CD,
                A.REP_NAME,
				2 AS ACTION_FLAG --ADD BY RITA 20191204 跟LEVI讨论的 将TYPE4已激活,补最小行为月份的数据标记为0，其他TYPE2 TYPE3 TYPE4标记为1；TYPE4未激活，补在激活表里没有的医生目前报告端没有需求，暂时标记为2
  FROM RPD_OWNER.DIM_YEAR_MONTH B
  LEFT JOIN RPD_OWNER.FCT_IDC_DOCTOR_ACTION A
    ON 1 = 1
 WHERE B.YEAR_MONTH_ID >= TO_NUMBER('201701')
   AND B.YEAR_MONTH_ID <= TO_NUMBER(TO_CHAR(SYSDATE, 'YYYYMM'))
   AND A.DOCTOR_TYPE = 'TYPE4'
   AND A.OPENID IS NULL -- TYPE4未激活
UNION ALL
--TYPE4已激活,补从201701--FCT_IDC_DOCTOR_ACTION表最小行为月份,目的：用户看截止到某个月目标医生多少，激活医生多少。总的医生池子每个月不变，因为是同一版TD 每个月的目标医生数不变
SELECT DISTINCT TO_CHAR(B.YEAR_MONTH_ID) AS YYYYMM,
                A.OPENID AS OPENID,
                A.DOCTOR_ID AS DCTRID,
                A.HSPTL_ID,
                A.VEEVA_HSPTL_ID,
                A.DOCTOR_NAME,
                A.GENDER,
                A.DEPARTMENT AS DEPT_NAME,
                A.DOCTOR_TYPE,
                A.DOCTOR_TYPE1,
                A.TARGET_DCTR_FLAG,
                A.TA_NAME,
                A.RGN_NAME,
                A.TIER_ID,
                A.TIER_NAME,
                A.ACTIVATION_STATUS,
                NULL AS FOCUS_STATUS,
                NULL AS FOCUS_STATUS_EN,
                NULL AS AGREED_STATUS,
                NULL AS AGREED_STATUS_EN,
                A.SYNC_DATE,
                NULL AS WECHATACTIVATE_DATE,
                NULL AS WECHATACTIVATE_YYYYMM,
                A.DSTRCT_CD,
                A.DM_NAME,
                A.TRTRY_CD,
                A.REP_NAME,
				0 AS ACTION_FLAG --ADD BY RITA 20191204 跟LEVI讨论的 将TYPE4已激活,补最小行为月份的数据标记为0，其他TYPE2 TYPE3 TYPE4标记为1；TYPE4未激活，补在激活表里没有的医生目前报告端没有需求，暂时标记为2
  FROM RPD_OWNER.DIM_YEAR_MONTH B
  LEFT JOIN MIN_FOCUS_MTH A
    ON 1 = 1
 WHERE B.YEAR_MONTH_ID >= TO_NUMBER('201701') AND
 B.YEAR_MONTH_ID < TO_NUMBER(A.WECHATACTIVATE_YYYYMM) AND
 A.DOCTOR_TYPE = 'TYPE4' AND A.OPENID IS NOT NULL --TYPE4已激活
UNION ALL
--TYPE2 TYPE3 TPYE4 从CREATEDATE开始到系统当前月份
SELECT DISTINCT T.YYYYMM,
                T.OPENID,
                T.DCTRID,
                T.HSPTL_ID,
                T.VEEVA_HSPTL_ID,
                T.DOCTOR_NAME,
                T.GENDER,
                T.DEPT_NAME,
                T.DOCTOR_TYPE,
                T.DOCTOR_TYPE1,
                T.TARGET_DCTR_FLAG,
                T.TA_NAME,
                T.RGN_NAME,
                T.TIER_ID,
                T.TIER_NAME,
                T.ACTIVATION_STATUS,
                T.FOCUS_STATUS,
                T.FOCUS_STATUS_EN,
                T.AGREED_STATUS,
                T.AGREED_STATUS_EN,
                T.SYNC_DATE,
                T.WECHATACTIVATE_DATE,
                T.WECHATACTIVATE_YYYYMM,
                T.DSTRCT_CD,
                T.DM_NAME,
                T.TRTRY_CD,
                T.REP_NAME,
				1 AS ACTION_FLAG --ADD BY RITA 20191204 跟LEVI讨论的 将TYPE4已激活,补最小行为月份的数据标记为0，其他TYPE2 TYPE3 TYPE4标记为1；TYPE4未激活，补在激活表里没有的医生目前报告端没有需求，暂时标记为2
  FROM (SELECT /*+ PARALLEL(6) */T.YYYYMM,
               T.OPENID,
               T.DCTRID,
               T.HSPTL_ID,
               T.VEEVA_HSPTL_ID,
               T.DOCTOR_NAME,
               T.GENDER,
               T.DEPT_NAME,
               T.DOCTOR_TYPE,
               T.DOCTOR_TYPE1,
               T.TARGET_DCTR_FLAG,
               T.TA_NAME,
               T.RGN_NAME,
               T.TIER_ID,
               T.TIER_NAME,
               T.ACTIVATION_STATUS,
               T.FOCUS_STATUS,
               T.FOCUS_STATUS_EN,
               T.AGREED_STATUS,
               T.AGREED_STATUS_EN,
               T.SYNC_DATE,
               T.WECHATACTIVATE_DATE,
               T.WECHATACTIVATE_YYYYMM,
               T.DSTRCT_CD,
               T.DM_NAME,
               T.TRTRY_CD,
               T.REP_NAME,
               ROW_NUMBER() OVER(PARTITION BY T.OPENID, T.DCTRID, T.HSPTL_ID, T.VEEVA_HSPTL_ID, T.DOCTOR_NAME, T.GENDER, T.DEPT_NAME, T.DOCTOR_TYPE, T.TARGET_DCTR_FLAG, T.TA_NAME, T.RGN_NAME, T.TIER_ID, T.TIER_NAME, YYYYMM,T.DSTRCT_CD, T.TRTRY_CD, T.REP_NAME ORDER BY T.WECHATACTIVATE_DATE DESC) AS ROW_NUMBER
          FROM (SELECT DISTINCT /*+ PARALLEL(12) */TO_CHAR(B.YEAR_MONTH_ID) AS YYYYMM,
                                A.OPENID AS OPENID,
                                TO_CHAR(A.DCTRID) AS DCTRID,
                                C.HSPTL_ID,
                                C.VEEVA_HSPTL_ID,
                                C.DOCTOR_NAME,
                                C.GENDER,
                                C.DEPARTMENT AS DEPT_NAME,
                                C.DOCTOR_TYPE,
                                C.DOCTOR_TYPE1,
                                C.TARGET_DCTR_FLAG,
                                C.TA_NAME,
                                C.RGN_NAME,
                                C.TIER_ID,
                                C.TIER_NAME,
                                C.ACTIVATION_STATUS,
                                C.FOCUS_STATUS,
                                C.FOCUS_STATUS_EN,
								CASE WHEN  (C.FOCUS_STATUS IS NULL  AND C.AGREED_STATUS IS NULL)  THEN NULL ELSE--UPDATE BY RITA 20191202 在历史表会存在只有TYPE为2即同意条款 的数据，这部分数据AGREE字段还是要取正常数据的 所以CASE WHEN条件加上AGREE字段的判断
                                NVL(C.AGREED_STATUS,
                                    NVL(LAST_VALUE(T1.AGREED_STATUS)
                                        OVER(PARTITION BY T1.OPENID,
                                             T1.DOCTOR_ID,
                                             T1.HSPTL_ID,
                                             T1.VEEVA_HSPTL_ID,
                                             T1.DOCTOR_NAME,
                                             T1.GENDER,
                                             T1.DEPARTMENT,
                                             T1.DOCTOR_TYPE,
                                             T1.TARGET_DCTR_FLAG,
                                             T1.TA_NAME,
                                             T1.RGN_NAME,
                                             T1.TIER_ID,
                                             T1.TIER_NAME ORDER BY
                                             T1.WECHATACTIVATE_DATE DESC),
                                        '未同意条款')) 
										 END AS AGREED_STATUS, --ADD BY RITA20190823 往前找找不到的话赋值：未同意条款UPDATE BY RITA 20191024 LEVI 邮件FOCUS字段不为空的才往前找
                                CASE WHEN (C.FOCUS_STATUS IS NULL  AND C.AGREED_STATUS_EN IS NULL)  THEN NULL ELSE--UPDATE BY RITA 20191202 在历史表会存在只有TYPE为2即同意条款 的数据，这部分数据AGREE字段还是要取正常数据的 所以CASE WHEN条件加上AGREE字段的判断
								NVL(C.AGREED_STATUS_EN,
                                    NVL(LAST_VALUE(T1.AGREED_STATUS_EN)
                                        OVER(PARTITION BY T1.OPENID,
                                             T1.DOCTOR_ID,
                                             T1.HSPTL_ID,
                                             T1.VEEVA_HSPTL_ID,
                                             T1.DOCTOR_NAME,
                                             T1.GENDER,
                                             T1.DEPARTMENT,
                                             T1.DOCTOR_TYPE,
                                             T1.TARGET_DCTR_FLAG,
                                             T1.TA_NAME,
                                             T1.RGN_NAME,
                                             T1.TIER_ID,
                                             T1.TIER_NAME ORDER BY
                                             T1.WECHATACTIVATE_DATE DESC),
                                        'DISAGREED'))  END AS AGREED_STATUS_EN, ----ADD BY RITA20190823 往前找找不到的话赋值：未同意条款
                                C.SYNC_DATE,
                                C.WECHATACTIVATE_DATE,
                                C.WECHATACTIVATE_YYYYMM,
                                C.DSTRCT_CD,
                                C.DM_NAME,
                                C.TRTRY_CD,
                                C.REP_NAME
                  FROM RPD_OWNER.DIM_YEAR_MONTH B
                  LEFT JOIN DOCTORS A
                    ON 1 = 1
                 INNER JOIN NEW_FOCUS_MTH C
                    ON A.OPENID = C.OPENID
                   AND C.WECHATACTIVATE_YYYYMM <= B.YEAR_MONTH_ID
                  LEFT JOIN RPD_OWNER.FCT_IDC_DOCTOR_ACTION T1
                    ON C.OPENID = T1.OPENID
                   AND C.DOCTOR_ID = T1.DOCTOR_ID
                   AND C.TIER_ID = T1.TIER_ID
                   AND C.TA_NAME = T1.TA_NAME
                   AND C.WECHATACTIVATE_DATE >= T1.WECHATACTIVATE_DATE
                   AND T1.AGREED_STATUS IS NOT NULL --取截止到统计自然月的最新状态;LEVI20190821邮件 FCT_IDC_DOCTOR_MTH_STATUS 里面找到对应月份的最大状态为 在关注 AND 已取关 不是由TYPE2时逻辑定义的，AGREED STATUS为空的 要往前面找 AGREED STATUS。(不限定月份)
                 WHERE B.YEAR_MONTH_ID >=
                       TO_NUMBER(SUBSTR(A.CREATEDUTC, 1, 6))
                   AND B.YEAR_MONTH_ID <=
                       TO_NUMBER(TO_CHAR(SYSDATE, 'YYYYMM'))
                   AND C.DOCTOR_TYPE IN ('TYPE2', 'TYPE3', 'TYPE4')
                   AND C.OPENID IS NOT NULL) T) T
 WHERE ROW_NUMBER = 1),
SALES_REPTYPE AS (
SELECT 
YYYYMM,	GROUP_KEY,	REP_TYPE_ID,	REP_TYPE,	CUSTOMER_NUMBER,	CUSTOMER_NUMBER_UP_LIMIT

FROM RPD_OWNER.DIM_CRM_RLTN_GK_REPTYPE REP_TYPE
WHERE YYYYMM>=201909
),
 --当前日期REP TYPE 数据如果还没有给到，就用最大月份数据 COPY 给 当前日期月份  ADD BY RITA20191211 LEVI LYNC
DIM_CRM_RLTN_GK_REPTYPE_TEMP AS(
SELECT 
CASE WHEN TO_NUMBER(REP_TYPE.YYYYMM)- TO_NUMBER(TO_CHAR(SYSDATE,'YYYYMM')) =0 
THEN REP_TYPE.YYYYMM ELSE TO_NUMBER(TO_CHAR(SYSDATE,'YYYYMM')) END AS YYYYMM ,
GROUP_KEY,	REP_TYPE_ID,	REP_TYPE,	CUSTOMER_NUMBER,	CUSTOMER_NUMBER_UP_LIMIT
FROM SALES_REPTYPE REP_TYPE 
WHERE YYYYMM = ( SELECT MAX(YYYYMM) FROM RPD_OWNER.DIM_CRM_RLTN_GK_REPTYPE ) 
UNION
SELECT * FROM SALES_REPTYPE 
)
SELECT A.*,B.REP_TYPE_ID AS SLEEVE_ID, B.REP_TYPE AS SLEEVE_NAME
FROM FCT_IDC_DOCTOR_MTH_STATUS_TEMP A
LEFT JOIN DIM_CRM_RLTN_GK_REPTYPE_TEMP B ON   A.YYYYMM=B.YYYYMM AND A.TRTRY_CD=B.GROUP_KEY