WITH CST_CTGRY AS (
SELECT DISTINCT MEETING_CODE,
       CASE WHEN PLAN_YYYYMM<201901 THEN TA_NAME ELSE SALES_TA_NAME END  AS TA_NAME, ---UPDATE 20200629 2019年之后的MEETING部分TA取SALES_TA
       PLAN_YYYYMM,
       CASE WHEN LOWER(PROUDCT_CATEGORY_NAME_EN) = 'ZYDIS' THEN 'ZYPREXA'
            WHEN LOWER(PROUDCT_CATEGORY_NAME_EN) = 'HUMULIN' THEN 'HUMALOG'
            WHEN LOWER(PROUDCT_CATEGORY_NAME_EN) = 'TRAJENTA DUO' THEN 'TRAJENTA'
            WHEN LOWER(PROUDCT_CATEGORY_NAME_EN) = 'EVISTA' THEN 'FORSTEO'
       ELSE  PROUDCT_CATEGORY_NAME_EN
       END AS PROUDCT_CATEGORY_NAME_EN
FROM RPD_OWNER.DIM_RLTN_CST_PRDCT_CTGRY
),
COMBINE_BRAND_INFO AS (
SELECT 'CYMBALTA CMP' AS BRAND_SOURCE,'CMP'    AS TA_SOURCE,'CYMBALTA CMP AND MDD'    AS BRAND_TARGET ,'CMP'    AS TA_TARGET, 'CMP'    AS NEW_TA, 2 AS CNT,201701 AS START_DATE,202012 AS END_DATE FROM DUAL UNION ALL
SELECT 'CYMBALTA MDD' AS BRAND_SOURCE,'CMP'    AS TA_SOURCE,'CYMBALTA CMP AND MDD'    AS BRAND_TARGET ,'CMP'    AS TA_TARGET, 'CMP'    AS NEW_TA, 2 AS CNT,201701 AS START_DATE,202012 AS END_DATE FROM DUAL UNION ALL
SELECT 'CYMBALTA CMP' AS BRAND_SOURCE,'CNS'    AS TA_SOURCE,'CYMBALTA CMP AND MDD'    AS BRAND_TARGET ,'CNS'    AS TA_TARGET, 'CNS'    AS NEW_TA, 2 AS CNT,201701 AS START_DATE,202012 AS END_DATE FROM DUAL UNION ALL
SELECT 'CYMBALTA MDD' AS BRAND_SOURCE,'CNS'    AS TA_SOURCE,'CYMBALTA CMP AND MDD'    AS BRAND_TARGET ,'CNS'    AS TA_TARGET, 'CNS'    AS NEW_TA, 2 AS CNT,201701 AS START_DATE,202012 AS END_DATE FROM DUAL UNION ALL		   
--SELECT 'CYMBALTA CMP' AS BRAND_SOURCE,'CNS'    AS TA_SOURCE,'CYMBALTA CMP AND MDD'    AS BRAND_TARGET ,'CNS'    AS TA_TARGET, 'BMBU'   AS NEW_TA, 2 AS CNT,202101 AS START_DATE,999912 AS END_DATE FROM DUAL UNION ALL
--SELECT 'CYMBALTA MDD' AS BRAND_SOURCE,'CNS'    AS TA_SOURCE,'CYMBALTA CMP AND MDD'    AS BRAND_TARGET ,'CNS'    AS TA_TARGET, 'BMBU'   AS NEW_TA, 2 AS CNT,202101 AS START_DATE,999912 AS END_DATE FROM DUAL UNION ALL		   
SELECT 'GEMZAR'       AS BRAND_SOURCE,'LC/HEM' AS TA_SOURCE,'GEMZAR,ALIMTA'           AS BRAND_TARGET ,'LC/HEM' AS TA_TARGET, 'LC/HEM' AS NEW_TA, 2 AS CNT,202101 AS START_DATE,999912 AS END_DATE FROM DUAL UNION ALL
SELECT 'ALIMTA'       AS BRAND_SOURCE,'LC/HEM' AS TA_SOURCE,'GEMZAR,ALIMTA'           AS BRAND_TARGET ,'LC/HEM' AS TA_TARGET, 'LC/HEM' AS NEW_TA, 2 AS CNT,202101 AS START_DATE,999912 AS END_DATE FROM DUAL UNION ALL
SELECT 'PROZAC'       AS BRAND_SOURCE,'CNS'    AS TA_SOURCE,'PROZAC,ZYPREXA,CYMBALTA' AS BRAND_TARGET ,'CNS'    AS TA_TARGET,'BMBU'    AS NEW_TA, 4 AS CNT,202101 AS START_DATE,999912 AS END_DATE FROM DUAL UNION ALL
SELECT 'ZYPREXA'      AS BRAND_SOURCE,'CNS'    AS TA_SOURCE,'PROZAC,ZYPREXA,CYMBALTA' AS BRAND_TARGET ,'CNS'    AS TA_TARGET,'BMBU'    AS NEW_TA, 4 AS CNT,202101 AS START_DATE,999912 AS END_DATE FROM DUAL UNION ALL
SELECT 'CYMBALTA CMP' AS BRAND_SOURCE,'CNS'    AS TA_SOURCE,'PROZAC,ZYPREXA,CYMBALTA' AS BRAND_TARGET ,'CNS'    AS TA_TARGET,'BMBU'    AS NEW_TA, 4 AS CNT,202101 AS START_DATE,999912 AS END_DATE FROM DUAL UNION ALL
SELECT 'CYMBALTA MDD' AS BRAND_SOURCE,'CNS'    AS TA_SOURCE,'PROZAC,ZYPREXA,CYMBALTA' AS BRAND_TARGET ,'CNS'    AS TA_TARGET,'BMBU'    AS NEW_TA, 4 AS CNT,202101 AS START_DATE,999912 AS END_DATE FROM DUAL
),
CST_CTGRY_DUPLIATE AS (
---20200817 添加CYMBALTA CMP MDD FILTER,新增部分包含了'CYMBALTA MDD','CYMBALTA CMP'和'CYMBALTA MDD,CYMBALTA CMP'   因为MEETING存在同时选择两个适应症的情况，所以需要去重 
/*SELECT DISTINCT MEETING_CODE,
      'CNS'  AS TA_NAME,
      PLAN_YYYYMM,
      'CYMBALTA CMP AND MDD' AS PROUDCT_CATEGORY_NAME_EN 
*/
----20201224 架构调整，将更多的品牌合并进行整合
SELECT DISTINCT CST.MEETING_CODE,
       CMB.NEW_TA AS TA_NAME,
       CMB.BRAND_TARGET AS PROUDCT_CATEGORY_NAME_EN	  
FROM RPD_OWNER.DIM_RLTN_CST_PRDCT_CTGRY CST
INNER JOIN COMBINE_BRAND_INFO CMB 
		ON CST.PROUDCT_CATEGORY_NAME_EN=CMB.BRAND_SOURCE AND CST.SALES_TA_NAME=CMB.TA_SOURCE AND CST.PLAN_YYYYMM>=CMB.START_DATE AND START_DATE<= CMB.END_DATE                    
--WHERE PROUDCT_CATEGORY_NAME_EN  IN ('CYMBALTA MDD','CYMBALTA CMP')
),
---STG_IDOCTOR_EP2P_ACCESS_CNT表逻辑【EP2P礼医端接入人次】201907月份之后先用MEETING_CODE取BRAND 取不到再用TA_BRAND权重表取TA
STG_IDOCTOR_EP2P_ACCESS_CNT1 AS
 (SELECT A.YYYYMMDD AS YYYYMMDD,
         TO_NUMBER(SUBSTR(TO_CHAR(A.YYYYMMDD), 1, 6)) AS YYYYMM,
         NVL(B.NEW_TA_NAME, 'OTHERS') AS TA,
         A.PEOPLE_CNT,
         A.MEETING_CODE
    FROM RPD_OWNER.STG_IDOCTOR_EP2P_ACCESS_CNT A
    LEFT JOIN RPD_OWNER.STG_TA_FOR_IDOCTOR B
      ON UPPER(A.TA) = UPPER(B.TA_NAME)),
--第一步先用MEETINGCODE关联取BRAND
STG_IDOCTOR_EP2P_ACCESS_CNT_MEETING AS (
SELECT T.YYYYMMDD,
         T.YYYYMM,
         --T.TA, 
         --NVL(NVL(B.NEW_TA_NAME,T.TA), 'OTHERS') AS TA, --UPDATE BY  RITA 20200629 2019年之后的MEETING部分TA取SALES_TA,2019年之前的保持原逻辑取值，因为该CSV只取201907之后的数据所以直接取SALES_TA
		 CASE WHEN T.YYYYMM<=202012 THEN NVL(NVL(B.NEW_TA_NAME,T.TA), 'OTHERS') ELSE NVL(NVL(T8.TA_NAME,T.TA), 'OTHERS') END AS TA, ----20201224 2021年架构调整，2021年取新TA
         CASE --WHEN NVL(B.NEW_TA_NAME, 'OTHERS') <> 'OTHERS' THEN
          WHEN T.YYYYMM<=202012 AND NVL(NVL(B.NEW_TA_NAME,T.TA), 'OTHERS') <> 'OTHERS' THEN T8.PROUDCT_CATEGORY_NAME_EN
		  WHEN T.YYYYMM>202012 AND NVL(NVL(T8.TA_NAME,T.TA), 'OTHERS') <> 'OTHERS' THEN T8.PROUDCT_CATEGORY_NAME_EN
         ELSE  NULL
         END AS BRAND_NAME, --ADD BY RITA 20190826 通过MEETING_CODE去关联DIM_RLTN_CST_PRDCT_CTGRY(存的是从FCT_CST_MEETING里PRODUCT_NAME用逗号拆分成多行) 取BRAND
         ----TA=OTHERS 时不考虑BRAND拆分
         CASE WHEN T.YYYYMM<=202012 AND NVL(NVL(B.NEW_TA_NAME,T.TA), 'OTHERS') <> 'OTHERS' THEN
                   CASE WHEN T8.MEETING_CODE IS NOT NULL THEN
                      COUNT(DISTINCT T8.PROUDCT_CATEGORY_NAME_EN) OVER(PARTITION BY T.YYYYMMDD, T8.MEETING_CODE,B.NEW_TA_NAME)----UPDATE BY RITA20200628 计算BRAND_CNT加上TA（2019之前是MEETINGTA 2019之后是SALESTA即BRAND TA）
                   END
			 WHEN T.YYYYMM>202012 AND NVL(NVL(T8.TA_NAME,T.TA), 'OTHERS') <> 'OTHERS' THEN  ----20201224 2021年用新TA
			       CASE WHEN T8.MEETING_CODE IS NOT NULL THEN
                      COUNT(DISTINCT T8.PROUDCT_CATEGORY_NAME_EN) OVER(PARTITION BY T.YYYYMMDD, T8.MEETING_CODE,T8.TA_NAME)----UPDATE BY RITA20200628 计算BRAND_CNT加上TA（2019之前是MEETINGTA 2019之后是SALESTA即BRAND TA）
                   END
         ELSE NULL
         END AS BRAND_CNT, --ADD BY RITA 20190826 加该字段知道对应一条记录是拆分了几个BRAND 信息
         CASE WHEN T8.PROUDCT_CATEGORY_NAME_EN IS NOT NULL THEN 'MEETING'
         ELSE NULL
         END AS BRAND_SPLIT_FLAG,
         T.PEOPLE_CNT
    FROM STG_IDOCTOR_EP2P_ACCESS_CNT1 T
    LEFT JOIN CST_CTGRY T8 --UPDATE  BY RITA 20190828  用于取BRANDNAME 和TA
      ON TRIM(T.MEETING_CODE) = TRIM(T8.MEETING_CODE)
  LEFT JOIN RPD_OWNER.STG_TA_FOR_IDOCTOR B ON UPPER(T8.TA_NAME) = UPPER(B.TA_NAME) --UPDATE BY  RITA 20200629 2019年之后的MEETING部分TA取SALES_TA,2019年之前的保持原逻辑取值，因为该CSV只取201907之后的数据所以直接取SALES_TA
    WHERE T.YYYYMM >= '201907'
---20200817 添加合并BRAND逻辑 
UNION ALL
SELECT T.YYYYMMDD,
         T.YYYYMM,
         --T.TA, 
         NVL(NVL(T8.TA_NAME,T.TA), 'OTHERS') AS TA, --UPDATE BY  RITA 20200629 2019年之后的MEETING部分TA取SALES_TA,2019年之前的保持原逻辑取值，因为该CSV只取201907之后的数据所以直接取SALES_TA
         CASE --WHEN NVL(B.NEW_TA_NAME, 'OTHERS') <> 'OTHERS' THEN
          WHEN NVL(NVL(T8.TA_NAME,T.TA), 'OTHERS') <> 'OTHERS' THEN T8.PROUDCT_CATEGORY_NAME_EN
         ELSE  NULL
         END AS BRAND_NAME, --ADD BY RITA 20190826 通过MEETING_CODE去关联DIM_RLTN_CST_PRDCT_CTGRY(存的是从FCT_CST_MEETING里PRODUCT_NAME用逗号拆分成多行) 取BRAND
         ----TA=OTHERS 时不考虑BRAND拆分
         NULL AS BRAND_CNT, 
         'MEETING'  AS BRAND_SPLIT_FLAG,
         T.PEOPLE_CNT
    FROM STG_IDOCTOR_EP2P_ACCESS_CNT1 T
    LEFT JOIN CST_CTGRY_DUPLIATE T8 --UPDATE  BY RITA 20190828  用于取BRANDNAME 和TA
      ON TRIM(T.MEETING_CODE) = TRIM(T8.MEETING_CODE)
  WHERE T.YYYYMM >= '201907'    
  AND T8.PROUDCT_CATEGORY_NAME_EN IS NOT NULL
),
---20201224 新架构调整202012及之前沿用原先逻辑，2021开始CONTENT TA用新的配置表XREF_IDCTR_CONTENTTA_BRAND_WEIGHT
CONTENT_TA AS (
SELECT YEAR_MONTH_ID,TA_NAME,INDICATION_NAME,PRDCT_CTGRY_NAME_EN,WEIGHT FROM RPD_OWNER.XREF_IDCTR_TA_BRAND_WEIGHT WHERE YEAR_MONTH_ID<=202012
UNION ALL
SELECT YEAR_MONTH_ID,TA_NAME,INDICATION_NAME,PRDCT_CTGRY_NAME_EN,WEIGHT FROM RPD_OWNER.XREF_IDCTR_CONTENTTA_BRAND_WEIGHT WHERE YEAR_MONTH_ID>202012
),
---20201224 新架构调整202012及之前沿用原先逻辑，2021开始SALES TA的权重配置表弃用
SALES_TA AS (
SELECT YEAR_MONTH_ID,TA_NAME,INDICATION_NAME,PRDCT_CTGRY_NAME_EN,WEIGHT FROM RPD_OWNER.XREF_IDCTR_TA_BRAND_WEIGHT
),
--关联DIM_RLTN_CST_PRDCT_CTGRY 取BRAND,取不到第二步再关联XREF_IDCTR_TA_BRAND_WEIGHT取（UPDATE BY RITA20190924 LEVI邮件权重为0的品牌不参与拆分）
BRAND_WEIGHT AS (
SELECT YEAR_MONTH_ID, TA_NAME, BRAND_NAME, SUM(WEIGHT) AS WEIGHT
    FROM (SELECT DISTINCT YEAR_MONTH_ID,
                          TA_NAME,
                          CASE WHEN LOWER(NVL(INDICATION_NAME,  PRDCT_CTGRY_NAME_EN)) = 'ZYDIS' THEN 'ZYPREXA'
                            WHEN LOWER(NVL(INDICATION_NAME, PRDCT_CTGRY_NAME_EN)) = 'HUMULIN' THEN 'HUMALOG'
                            WHEN LOWER(NVL(INDICATION_NAME, PRDCT_CTGRY_NAME_EN)) = 'TRAJENTA DUO' THEN 'TRAJENTA'
                            WHEN LOWER(NVL(INDICATION_NAME, PRDCT_CTGRY_NAME_EN)) = 'EVISTA' THEN 'FORSTEO'
                          ELSE NVL(INDICATION_NAME, PRDCT_CTGRY_NAME_EN)
                          END AS BRAND_NAME,
                          WEIGHT
            --FROM RPD_OWNER.XREF_IDCTR_TA_BRAND_WEIGHT  ---20201224 新架构调整202012及之前逻辑，2021开始用新的配置表
			FROM CONTENT_TA
      WHERE WEIGHT !=0
      )
   GROUP BY YEAR_MONTH_ID, TA_NAME, BRAND_NAME),
----UPDATE BY RITA 20190924 用到权重的WEIGHT 字段的，权重为0的还是要的
BRAND_WEIGHT1 AS(
SELECT YEAR_MONTH_ID, TA_NAME, BRAND_NAME, SUM(WEIGHT) AS WEIGHT
    FROM (SELECT DISTINCT YEAR_MONTH_ID,
                          TA_NAME,
                          CASE WHEN LOWER(NVL(INDICATION_NAME, PRDCT_CTGRY_NAME_EN)) = 'ZYDIS' THEN 'ZYPREXA'
                               WHEN LOWER(NVL(INDICATION_NAME, PRDCT_CTGRY_NAME_EN)) = 'HUMULIN' THEN 'HUMALOG'
                               WHEN LOWER(NVL(INDICATION_NAME, PRDCT_CTGRY_NAME_EN)) = 'TRAJENTA DUO' THEN 'TRAJENTA'
                               WHEN LOWER(NVL(INDICATION_NAME, PRDCT_CTGRY_NAME_EN)) = 'EVISTA' THEN 'FORSTEO'
                          ELSE NVL(INDICATION_NAME, PRDCT_CTGRY_NAME_EN)
                          END AS BRAND_NAME,
                          WEIGHT
            --FROM RPD_OWNER.XREF_IDCTR_TA_BRAND_WEIGHT ---20201224 新架构调整202012及之前逻辑，2021开始用新的配置表
			  FROM CONTENT_TA)
   GROUP BY YEAR_MONTH_ID, TA_NAME, BRAND_NAME),
BRAND_WEIGHT_SALES AS (
SELECT YEAR_MONTH_ID, TA_NAME, BRAND_NAME, SUM(WEIGHT) AS WEIGHT
    FROM (SELECT DISTINCT YEAR_MONTH_ID,
                          TA_NAME,
                          CASE WHEN LOWER(NVL(INDICATION_NAME,  PRDCT_CTGRY_NAME_EN)) = 'ZYDIS' THEN 'ZYPREXA'
                            WHEN LOWER(NVL(INDICATION_NAME, PRDCT_CTGRY_NAME_EN)) = 'HUMULIN' THEN 'HUMALOG'
                            WHEN LOWER(NVL(INDICATION_NAME, PRDCT_CTGRY_NAME_EN)) = 'TRAJENTA DUO' THEN 'TRAJENTA'
                            WHEN LOWER(NVL(INDICATION_NAME, PRDCT_CTGRY_NAME_EN)) = 'EVISTA' THEN 'FORSTEO'
                          ELSE NVL(INDICATION_NAME, PRDCT_CTGRY_NAME_EN)
                          END AS BRAND_NAME,
                          WEIGHT
            --FROM RPD_OWNER.XREF_IDCTR_TA_BRAND_WEIGHT  ---20201224 新架构调整202012及之前逻辑，2021开始用新的配置表
			FROM SALES_TA
      WHERE WEIGHT !=0
      )
   GROUP BY YEAR_MONTH_ID, TA_NAME, BRAND_NAME),
----UPDATE BY RITA 20190924 用到权重的WEIGHT 字段的，权重为0的还是要的
BRAND_WEIGHT1_SALES AS(
SELECT YEAR_MONTH_ID, TA_NAME, BRAND_NAME, SUM(WEIGHT) AS WEIGHT
    FROM (SELECT DISTINCT YEAR_MONTH_ID,
                          TA_NAME,
                          CASE WHEN LOWER(NVL(INDICATION_NAME, PRDCT_CTGRY_NAME_EN)) = 'ZYDIS' THEN 'ZYPREXA'
                               WHEN LOWER(NVL(INDICATION_NAME, PRDCT_CTGRY_NAME_EN)) = 'HUMULIN' THEN 'HUMALOG'
                               WHEN LOWER(NVL(INDICATION_NAME, PRDCT_CTGRY_NAME_EN)) = 'TRAJENTA DUO' THEN 'TRAJENTA'
                               WHEN LOWER(NVL(INDICATION_NAME, PRDCT_CTGRY_NAME_EN)) = 'EVISTA' THEN 'FORSTEO'
                          ELSE NVL(INDICATION_NAME, PRDCT_CTGRY_NAME_EN)
                          END AS BRAND_NAME,
                          WEIGHT
            --FROM RPD_OWNER.XREF_IDCTR_TA_BRAND_WEIGHT ---20201224 新架构调整202012及之前逻辑，2021开始用新的配置表
			  FROM SALES_TA)
   GROUP BY YEAR_MONTH_ID, TA_NAME, BRAND_NAME),   
STG_IDOCTOR_EP2P_ACCESS_CNT_TA AS (
SELECT T.YYYYMMDD,
         T.YYYYMM,
         T.TA,
         T9.BRAND_NAME AS BRAND_NAME,
         COUNT(DISTINCT T9.BRAND_NAME) OVER(PARTITION BY T.YYYYMMDD, TA) AS BRAND_CNT,
         'TA BRAND MAPPING' AS BRAND_SPLIT_FLAG,
         T.PEOPLE_CNT
FROM STG_IDOCTOR_EP2P_ACCESS_CNT_MEETING T
    LEFT JOIN BRAND_WEIGHT_SALES T9 --ADD BY RITA 20190805  首先以MEETING CODE关联取BRAND信息，取不到则按照用户提供的TA与BRAND对应关系拆分（以XREF_IDCTR_TA_BRAND_WEIGHT数据为准，权重为0的品牌也参与拆分）
      ON T.YYYYMM = T9.YEAR_MONTH_ID
     AND UPPER(T.TA) = UPPER(T9.TA_NAME)
WHERE T.BRAND_SPLIT_FLAG IS NULL
AND T.YYYYMM<=202012
-----20210121 如果根据MEETING CODE关联不到的数据， TA属性设置为OTHERS ，不需要根据权重拆分   
UNION ALL 
SELECT   T.YYYYMMDD,
         T.YYYYMM,
         'OTHERS' AS TA,
         NULL AS BRAND_NAME,
         NULL AS BRAND_CNT,
         'TA BRAND MAPPING' AS BRAND_SPLIT_FLAG,
         T.PEOPLE_CNT
FROM STG_IDOCTOR_EP2P_ACCESS_CNT_MEETING T
WHERE T.BRAND_SPLIT_FLAG IS NULL
AND T.YYYYMM>202012
   ),
STG_IDOCTOR_EP2P_ACCESS_CNT_NEW AS( 
  SELECT *
  FROM STG_IDOCTOR_EP2P_ACCESS_CNT_MEETING
  WHERE BRAND_SPLIT_FLAG = 'MEETING'
  UNION ALL
  SELECT *
  FROM STG_IDOCTOR_EP2P_ACCESS_CNT_TA
  ),
MEETING_INFO AS (  --STG_IDOCTOR_MEETING_INFO表逻辑【当月支持会议ID】
SELECT  DISTINCT A.YYYYMM AS YYYYMMDD, --该表该字段存的是到天
                   TO_NUMBER(SUBSTR(A.YYYYMM, 1, 6)) AS YYYYMM,
                   NVL(C.NEW_TA_NAME, 'OTHERS') AS TA,
                   CASE WHEN C.NEW_TA_NAME IS NOT NULL THEN B.PROUDCT_CATEGORY_NAME_EN ELSE NULL END AS BRAND_NAME,
                   ----TA=OTHERS 时不考虑BRAND拆分
                   CASE WHEN C.NEW_TA_NAME IS NOT NULL THEN                        
                           COUNT(DISTINCT B.PROUDCT_CATEGORY_NAME_EN) OVER(PARTITION BY A.YYYYMM, NVL(C.NEW_TA_NAME, 'OTHERS'))
                   ELSE  NULL
                   END AS BRAND_CNT, --ADD BY RITA 20190822 加该字段知道对应一条记录是拆分了几个BRAND 信息  
                   COUNT(DISTINCT A.MEETING_ID) OVER(PARTITION BY A.YYYYMM, NVL(C.NEW_TA_NAME, 'OTHERS')) AS VALUE, --UPDATE
                   'MEETING INFO' AS SOURCE_FLAG,
                   CASE WHEN  B.PROUDCT_CATEGORY_NAME_EN IS NOT NULL THEN 'MEETING'  ELSE NULL  END AS BRAND_SPLIT_FLAG
FROM RPD_OWNER.STG_IDOCTOR_MEETING_INFO A --STG_IDOCTOR_MEETING_INFO CSV数据提供的日期不准确 需要调整逻辑 DISTINCT MEETING_ID关联STG CST MEETING取里面的MEETING_PLAN_YM
LEFT JOIN CST_CTGRY B ON A.MEETING_ID = B.MEETING_CODE
LEFT JOIN RPD_OWNER.STG_TA_FOR_IDOCTOR C ON UPPER(B.TA_NAME) = UPPER(C.TA_NAME)
WHERE TO_NUMBER(SUBSTR(A.YYYYMM, 1, 6)) <=202012
----20201224 因2021年架构调整，需要将表数据最终的TA显示成新的TA
UNION ALL 
SELECT  DISTINCT A.YYYYMM AS YYYYMMDD, --该表该字段存的是到天
                   TO_NUMBER(SUBSTR(A.YYYYMM, 1, 6)) AS YYYYMM,
                   NVL(B.TA_NAME, 'OTHERS') AS TA,
                   CASE WHEN B.TA_NAME IS NOT NULL THEN B.PROUDCT_CATEGORY_NAME_EN ELSE NULL END AS BRAND_NAME,
                   ----TA=OTHERS 时不考虑BRAND拆分
                   CASE WHEN B.TA_NAME IS NOT NULL THEN                        
                           COUNT(DISTINCT B.PROUDCT_CATEGORY_NAME_EN) OVER(PARTITION BY A.YYYYMM, NVL(B.TA_NAME, 'OTHERS'))
                   ELSE  NULL
                   END AS BRAND_CNT, --ADD BY RITA 20190822 加该字段知道对应一条记录是拆分了几个BRAND 信息  
                   COUNT(DISTINCT A.MEETING_ID) OVER(PARTITION BY A.YYYYMM, NVL(B.TA_NAME, 'OTHERS')) AS VALUE, --UPDATE
                   'MEETING INFO' AS SOURCE_FLAG,
                   CASE WHEN  B.PROUDCT_CATEGORY_NAME_EN IS NOT NULL THEN 'MEETING'  ELSE NULL  END AS BRAND_SPLIT_FLAG
FROM RPD_OWNER.STG_IDOCTOR_MEETING_INFO A --STG_IDOCTOR_MEETING_INFO CSV数据提供的日期不准确 需要调整逻辑 DISTINCT MEETING_ID关联STG CST MEETING取里面的MEETING_PLAN_YM
LEFT JOIN CST_CTGRY B ON A.MEETING_ID = B.MEETING_CODE
WHERE TO_NUMBER(SUBSTR(A.YYYYMM, 1, 6)) >202012
),
MEETING_INFO_WEIGHT AS (
   SELECT DISTINCT A.YYYYMMDD,
                   A.YYYYMM,
                   A.TA,
                   D.BRAND_NAME ,
                   CASE WHEN A.YYYYMM >= '201801' THEN
                             COUNT(DISTINCT D.BRAND_NAME) OVER(PARTITION BY A.YYYYMM,A.TA)
                   ELSE NULL
                   END AS BRAND_CNT,
                   A.VALUE, 
                   'MEETING INFO' AS SOURCE_FLAG,
                   'TA BRAND MAPPING'  AS BRAND_SPLIT_FLAG
   FROM MEETING_INFO A 
   LEFT JOIN BRAND_WEIGHT1_SALES D ON A.YYYYMM = D.YEAR_MONTH_ID AND A.TA = D.TA_NAME --ADD BY RITA 20190820 用于取BRANDNAME
   WHERE BRAND_SPLIT_FLAG IS NULL
   AND A.YYYYMM <= '202012'
   -----20210121 如果根据MEETING CODE关联不到的数据， TA属性设置为OTHERS ，不需要根据权重拆分 
   UNION ALL 
   SELECT DISTINCT A.YYYYMMDD,
                   A.YYYYMM,
                   'OTHERS' AS TA,
                   NULL BRAND_NAME ,                   
                   NULL AS BRAND_CNT,
                   A.VALUE, 
                   'MEETING INFO' AS SOURCE_FLAG,
                   'TA BRAND MAPPING'  AS BRAND_SPLIT_FLAG
   FROM MEETING_INFO A 
   WHERE BRAND_SPLIT_FLAG IS NULL
   AND A.YYYYMM > '202012'
),
MEETING_INFO_NEW AS (
SELECT * 
FROM MEETING_INFO
WHERE BRAND_SPLIT_FLAG = 'MEETING'
UNION ALL
SELECT * 
FROM MEETING_INFO_WEIGHT
),  
SUBJECT_BASE_DATA AS
 (
  ----STG_IDOCTOR_EP2P_ACCESS_CNT表逻辑【EP2P礼医端接入人次】201907月份之后
  SELECT A.YYYYMMDD,
          A.YYYYMM,
          A.TA,
          A.BRAND_NAME,
          A.BRAND_CNT,
          A.PEOPLE_CNT AS VALUE,
          'EP2P ACCESS CNT' AS SOURCE_FLAG,
          A.BRAND_SPLIT_FLAG
  
    FROM STG_IDOCTOR_EP2P_ACCESS_CNT_NEW A
  UNION ALL  
  --STG_IDOCTOR_EP2P_ACCESS_CNT表逻辑【EP2P礼医端接入人次】201907月份之前用TA_BRAND权重表取TA
  SELECT A.YYYYMMDD AS YYYYMMDD,
          A.YYYYMM AS YYYYMM,
          A.TA AS TA,
          D.BRAND_NAME AS BRAND_NAME,
          NULL AS BRAND_CNT,
          (A.PEOPLE_CNT * NVL(E.WEIGHT, 1)) AS VALUE, -- VIEWCNT 权重*PEOPLE_CNT
          'EP2P ACCESS CNT' AS SOURCE_FLAG,
          'TA BRAND MAPPING' AS BRAND_SPLIT_FLAG
    FROM STG_IDOCTOR_EP2P_ACCESS_CNT1 A
    LEFT JOIN (SELECT DISTINCT YEAR_MONTH_ID, TA_NAME, BRAND_NAME
                 FROM BRAND_WEIGHT1) D
      ON A.YYYYMM = D.YEAR_MONTH_ID
     AND A.TA = D.TA_NAME --ADD BY RITA 20190820  用于取BRANDNAME
    LEFT JOIN BRAND_WEIGHT1 E
      ON D.YEAR_MONTH_ID = E.YEAR_MONTH_ID
     AND D.TA_NAME = E.TA_NAME
     AND D.BRAND_NAME = E.BRAND_NAME --ADD BY RITA 20190820 取权重字段作为VIEW_CNT
   WHERE A.YYYYMM < '201907'
  UNION ALL
  --STG_IDOCTOR_MEETING_FAQS表逻辑【问答】
  SELECT TO_NUMBER(A.YYYYMMDD || '01') AS YYYYMMDD,
          A.YYYYMMDD AS YYYYMM, --在表里该字段存的是年月
          NVL(B.NEW_TA_NAME, 'OTHERS') AS TA,
          D.BRAND_NAME AS BRAND_NAME,
          NULL AS BRAND_CNT,
          (A.SUBMITTED_CNT * NVL(E.WEIGHT, 1)) AS VALUE, --SUBMITTED_CNT*权重
          'MEETING FAQS' AS SOURCE_FLAG,
          'TA BRAND MAPPING' AS BRAND_SPLIT_FLAG
    FROM RPD_OWNER.STG_IDOCTOR_MEETING_FAQS A
    LEFT JOIN RPD_OWNER.STG_TA_FOR_IDOCTOR B
      ON UPPER(A.TA) = UPPER(B.TA_NAME)
    LEFT JOIN (SELECT DISTINCT YEAR_MONTH_ID, TA_NAME, BRAND_NAME
                 FROM BRAND_WEIGHT1) D
      ON TO_CHAR(A.YYYYMMDD) = D.YEAR_MONTH_ID
     AND B.NEW_TA_NAME = D.TA_NAME --ADD BY RITA 20190820  用于取BRANDNAME
    LEFT JOIN BRAND_WEIGHT1 E
      ON D.YEAR_MONTH_ID = E.YEAR_MONTH_ID
     AND D.TA_NAME = E.TA_NAME
     AND D.BRAND_NAME = E.BRAND_NAME --ADD BY RITA 20190820 取权重字段作为VIEW_CNT
  UNION ALL
  --STG_IDOCTOR_MEETING_INFO表逻辑【当月支持会议ID】
  SELECT YYYYMMDD,
         YYYYMM,
         TA,
         BRAND_NAME,
         BRAND_CNT,
         VALUE,
         SOURCE_FLAG,
         BRAND_SPLIT_FLAG
  FROM MEETING_INFO_NEW
  UNION ALL
  --STG_IDOCTOR_MEETING_VOTE【投票】
  SELECT TO_NUMBER(A.YYYYMMDD || '01') AS YYYYMMDD,
          A.YYYYMMDD AS YYYYMM, --在表里该字段存的是年月
          NVL(B.NEW_TA_NAME, 'OTHERS') AS TA,
          D.BRAND_NAME AS BRAND_NAME,
          NULL AS BRAND_CNT,
          (A.SUBMITTED_CNT * NVL(E.WEIGHT, 1)) AS VALUE,
          'MEETING VOTE' AS SOURCE_FLAG,
          'TA BRAND MAPPING' AS BRAND_SPLIT_FLAG
    FROM RPD_OWNER.STG_IDOCTOR_MEETING_VOTE A
    LEFT JOIN RPD_OWNER.STG_TA_FOR_IDOCTOR B
      ON UPPER(A.TA) = UPPER(B.TA_NAME)
    LEFT JOIN (SELECT DISTINCT YEAR_MONTH_ID, TA_NAME, BRAND_NAME
                 FROM BRAND_WEIGHT1) D
      ON TO_CHAR(A.YYYYMMDD) = D.YEAR_MONTH_ID
     AND B.NEW_TA_NAME = D.TA_NAME --ADD BY RITA 20190820  用于取BRANDNAME
    LEFT JOIN BRAND_WEIGHT1 E
      ON D.YEAR_MONTH_ID = E.YEAR_MONTH_ID
     AND D.TA_NAME = E.TA_NAME
     AND D.BRAND_NAME = E.BRAND_NAME --ADD BY RITA 20190820 取权重字段作为VIEW_CNT
),
BASE_DATA AS ( ----20201224 因2021年架构调整，需要将表数据最终的TA显示成新的TA
SELECT YYYYMMDD,
       YYYYMM,
       TA,
       (CASE WHEN UPPER(TA) = 'CMP' AND BRAND_NAME IS NULL THEN 'CYMBALTA CMP' ELSE BRAND_NAME END) AS BRAND_NAME,
       (CASE WHEN UPPER(TA) = 'CMP' AND BRAND_NAME IS NULL THEN  1 ELSE BRAND_CNT END) AS BRAND_CNT,
       VALUE,
       SOURCE_FLAG,
       BRAND_SPLIT_FLAG
FROM (
       SELECT T.YYYYMMDD,
              T.YYYYMM,
              T.TA,
              T.BRAND_NAME,
              T.BRAND_CNT,
              T.VALUE,
              T.SOURCE_FLAG,
              T.BRAND_SPLIT_FLAG
       FROM SUBJECT_BASE_DATA T
       WHERE T.SOURCE_FLAG  IN ('EP2P ACCESS CNT' ,'MEETING INFO') ----这两个模块已经是新TA	   
       UNION ALL
       SELECT T.YYYYMMDD,
              T.YYYYMM,
              CASE WHEN T.YYYYMM<=202012 THEN T.TA ELSE NVL(MAPPING.NEW_TA,'OTHERS') END AS TA, --20201224 因2021年开始架构调整,需将CONTENT TA转换为新TA
              T.BRAND_NAME,
              T.BRAND_CNT,
              T.VALUE,
              T.SOURCE_FLAG,
              T.BRAND_SPLIT_FLAG
       FROM SUBJECT_BASE_DATA T
       LEFT JOIN RPD_OWNER.V_RTLN_CONTENTTA_SALESTA_NEWTA_MAPPING MAPPING
              ON T.YYYYMM=MAPPING.YYYYMM AND T.TA=MAPPING.TA_NAME AND  T.BRAND_NAME=MAPPING.BRAND_NAME AND MAPPING.TA_TYPE='CONTENT_TA'  ----CONTENT TA转换新TA	  
       WHERE T.SOURCE_FLAG NOT IN ('EP2P ACCESS CNT' ,'MEETING INFO') ----这两个模块之外的都是CONTENT TA需要处理成新的TA
) T	   
)
----正常BRAND TA 数据  
SELECT YYYYMMDD,
       YYYYMM,
       TA,
       BRAND_NAME,
       BRAND_CNT,
       VALUE,
       SOURCE_FLAG,
       BRAND_SPLIT_FLAG
FROM BASE_DATA
WHERE NVL(BRAND_NAME,'NULL')  NOT IN ('CYMBALTA CMP AND MDD','GEMZAR,ALIMTA','PROZAC,ZYPREXA,CYMBALTA')
----MEETING CODE对应的合并BRAND去重的BRAND TA 数据
UNION ALL
SELECT YYYYMMDD,
       YYYYMM,
       TA,
       BRAND_NAME,
       NULL BRAND_CNT,
       VALUE,
       SOURCE_FLAG,
       BRAND_SPLIT_FLAG
FROM BASE_DATA
WHERE BRAND_NAME IN ('CYMBALTA CMP AND MDD','GEMZAR,ALIMTA','PROZAC,ZYPREXA,CYMBALTA')
AND YYYYMM>=201907
----SOURCE_FLAG ='EP2P ACCESS CNT' 201907之前是按照权重拆分，所以可以直接相加作为BRAND='CYMBALTA CMP AND MDD'的数据
UNION ALL
SELECT YYYYMMDD,
       YYYYMM,
       CASE WHEN YYYYMM<=202012  AND CMB.NEW_TA='CMP' THEN 'CNS' ELSE DECODE (CMB.NEW_TA,'CMP','BMBU',CMB.NEW_TA) END AS TA,
       CMB.BRAND_TARGET AS BRAND_NAME,
       NULL BRAND_CNT,
       VALUE,
       SOURCE_FLAG,
       BRAND_SPLIT_FLAG
FROM BASE_DATA
INNER JOIN COMBINE_BRAND_INFO CMB 
		ON BASE_DATA.BRAND_NAME=CMB.BRAND_SOURCE AND BASE_DATA.TA=CMB.TA_SOURCE AND BASE_DATA.YYYYMM>=CMB.START_DATE AND BASE_DATA.YYYYMM<= CMB.END_DATE                    
WHERE SOURCE_FLAG ='EP2P ACCESS CNT' 
AND YYYYMM<'201907' 
----SOURCE_FLAG IN ('EP2P ACCESS CNT')，按照权重拆分后BRAND是'CYMBALTA CMP','CYMBALTA MDD' 的作为BRAND='CYMBALTA CMP AND MDD'的数据
UNION ALL
SELECT YYYYMMDD,
       YYYYMM,
       CASE WHEN YYYYMM<=202012  AND CMB.NEW_TA='CMP' THEN 'CNS' ELSE DECODE (CMB.NEW_TA,'CMP','BMBU',CMB.NEW_TA) END AS TA,
       CMB.BRAND_TARGET AS BRAND_NAME,
       NULL BRAND_CNT,     
       VALUE/CMB.CNT AS VALUE,   ----按照权重拆分其实相当于把原有数据COPY几份，但是 'CYMBALTA CMP AND MDD' 是两个BRAND，所以要用除以2作为去重的方法
       SOURCE_FLAG,
       BRAND_SPLIT_FLAG
FROM BASE_DATA
INNER JOIN (SELECT DISTINCT BRAND_SOURCE,BRAND_TARGET,NEW_TA,CNT,START_DATE,END_DATE FROM COMBINE_BRAND_INFO) CMB 
		ON BASE_DATA.BRAND_NAME=CMB.BRAND_SOURCE AND BASE_DATA.TA=CMB.NEW_TA AND BASE_DATA.YYYYMM>=CMB.START_DATE AND BASE_DATA.YYYYMM<= CMB.END_DATE                    
AND SOURCE_FLAG='EP2P ACCESS CNT'
AND BRAND_SPLIT_FLAG='TA BRAND MAPPING'
AND YYYYMM>=201907   ---EP2P ACCESS CNT 的201907之前数据在前面是按照权重拆分并处理了，这里只处理201907之后的数据

----SOURCE_FLAG IN ('MEETING VOTE','MEETING FAQS' )，直接相加作为BRAND='CYMBALTA CMP AND MDD'的数据
UNION ALL
SELECT YYYYMMDD,
       YYYYMM,
       CASE WHEN YYYYMM<=202012  AND CMB.NEW_TA='CMP' THEN 'CNS' ELSE DECODE (CMB.NEW_TA,'CMP','BMBU',CMB.NEW_TA) END AS TA,
       CMB.BRAND_TARGET AS BRAND_NAME,
       NULL BRAND_CNT,
       VALUE,
       SOURCE_FLAG,
       BRAND_SPLIT_FLAG
FROM BASE_DATA
INNER JOIN (SELECT DISTINCT BRAND_SOURCE,BRAND_TARGET,NEW_TA,CNT,START_DATE,END_DATE FROM COMBINE_BRAND_INFO) CMB 
		ON BASE_DATA.BRAND_NAME=CMB.BRAND_SOURCE AND BASE_DATA.TA=CMB.NEW_TA AND BASE_DATA.YYYYMM>=CMB.START_DATE AND BASE_DATA.YYYYMM<= CMB.END_DATE                    
AND SOURCE_FLAG IN ('MEETING VOTE','MEETING FAQS' )
----SOURCE_FLAG'MEETING INFO'并且不是权重拆分的数据 直接相加作为BRAND='CYMBALTA CMP AND MDD'的数据，权重拆分的需要去重
UNION ALL
SELECT YYYYMMDD,
       YYYYMM,
       CASE WHEN YYYYMM<=202012  AND CMB.NEW_TA='CMP' THEN 'CNS' ELSE DECODE (CMB.NEW_TA,'CMP','BMBU',CMB.NEW_TA) END AS TA,
       CMB.BRAND_TARGET AS BRAND_NAME,
       NULL BRAND_CNT,
       VALUE,
       SOURCE_FLAG,
       BRAND_SPLIT_FLAG
FROM BASE_DATA
INNER JOIN (SELECT DISTINCT BRAND_SOURCE,BRAND_TARGET,NEW_TA,CNT,START_DATE,END_DATE FROM COMBINE_BRAND_INFO) CMB 
		ON BASE_DATA.BRAND_NAME=CMB.BRAND_SOURCE AND BASE_DATA.TA=CMB.NEW_TA AND BASE_DATA.YYYYMM>=CMB.START_DATE AND BASE_DATA.YYYYMM<= CMB.END_DATE                    
AND SOURCE_FLAG ='MEETING INFO'
AND BRAND_SPLIT_FLAG<>'TA BRAND MAPPING'
UNION ALL
SELECT YYYYMMDD,
       YYYYMM,
       CASE WHEN YYYYMM<=202012 AND CMB.NEW_TA='CMP' THEN 'CNS' ELSE DECODE (CMB.NEW_TA,'CMP','BMBU',CMB.NEW_TA) END  AS TA,
       CMB.BRAND_TARGET AS BRAND_NAME,
       NULL BRAND_CNT,     
       VALUE/CMB.CNT AS VALUE,   ----按照权重拆分其实相当于把原有数据COPY几份，但是 'CYMBALTA CMP AND MDD' 是两个BRAND，所以要用除以2作为去重的方法
       SOURCE_FLAG,
       BRAND_SPLIT_FLAG
FROM BASE_DATA
INNER JOIN (SELECT DISTINCT BRAND_SOURCE,BRAND_TARGET,NEW_TA,CNT,START_DATE,END_DATE FROM COMBINE_BRAND_INFO) CMB 
		ON BASE_DATA.BRAND_NAME=CMB.BRAND_SOURCE AND BASE_DATA.TA=CMB.NEW_TA AND BASE_DATA.YYYYMM>=CMB.START_DATE AND BASE_DATA.YYYYMM<= CMB.END_DATE                    
AND SOURCE_FLAG='MEETING INFO'
AND BRAND_SPLIT_FLAG='TA BRAND MAPPING'